dia,minuto,aeropuerto,evento,ocupacion,capacidad
5,0.0,A1,ocupacion_inicial,4,11
5,0.0,A2,ocupacion_inicial,1,5
5,0.0,A4,ocupacion_inicial,2,5
5,0.0,A5,ocupacion_inicial,1,4
5,0.0,A6,ocupacion_inicial,1,5
5,0.0,A7,ocupacion_inicial,1,5
5,0.0,A8,ocupacion_inicial,1,9
5,0.0,A9,ocupacion_inicial,2,7
5,0.0,A10,ocupacion_inicial,1,4
5,0.0,A12,ocupacion_inicial,1,4
5,0.0,A13,ocupacion_inicial,1,9
5,0.0,A14,ocupacion_inicial,3,11
5,0.0,A15,ocupacion_inicial,3,11
5,0.0,A16,ocupacion_inicial,1,6
5,0.0,A17,ocupacion_inicial,1,5
5,0.0,A18,ocupacion_inicial,1,6
5,0.0,A20,ocupacion_inicial,1,4
5,0.0,A21,ocupacion_inicial,4,12
5,0.0,A22,ocupacion_inicial,1,11
5,0.0,A23,ocupacion_inicial,2,7
5,0.0,A24,ocupacion_inicial,1,5
5,0.0,A25,ocupacion_inicial,3,12
5,0.0,A26,ocupacion_inicial,1,11
5,0.0,A27,ocupacion_inicial,1,5
5,0.0,A28,ocupacion_inicial,1,5
5,0.0,A29,ocupacion_inicial,3,12
5,0.0,A30,ocupacion_inicial,1,4
5,0.0,A31,ocupacion_inicial,2,8
5,0.0,A32,ocupacion_inicial,2,12
5,0.0,A33,ocupacion_inicial,1,5
5,0.0,A34,ocupacion_inicial,3,8
5,0.0,A35,ocupacion_inicial,2,11
5,0.0,A36,ocupacion_inicial,2,9
5,0.0,A37,ocupacion_inicial,1,8
5,0.0,A38,ocupacion_inicial,1,7
5,0.0,A40,ocupacion_inicial,1,11
5,0.0,A41,ocupacion_inicial,2,12
5,0.0,A42,ocupacion_inicial,1,4
5,0.0,A43,ocupacion_inicial,1,12
5,0.0,A44,ocupacion_inicial,1,5
5,0.0,A46,ocupacion_inicial,2,9
5,0.0,A47,ocupacion_inicial,1,6
5,0.0,A48,ocupacion_inicial,4,11
5,90.0,A3,ext_llegada,1,4
5,90.0,A3,ext_llegada,2,4
5,94.0,A6,ext_llegada,2,5
5,100.0,A9,ext_llegada,3,7
5,101.0,A4,ext_llegada,3,5
5,101.0,A4,ext_llegada,4,5
5,101.0,A4,ext_llegada,5,5
5,102.0,A10,ext_llegada,2,4
5,102.0,A10,ext_llegada,3,4
5,104.0,A2,ext_llegada,2,5
5,104.0,A2,ext_llegada,3,5
5,114.0,A6,ext_salida,1,5
5,117.0,A3,ext_salida,1,4
5,117.0,A3,ext_salida,0,4
5,128.0,A2,ext_salida,2,5
5,128.0,A2,ext_salida,1,5
5,131.0,A9,ext_salida,2,7
5,140.0,A4,ext_salida,4,5
5,140.0,A4,ext_salida,3,5
5,140.0,A4,ext_salida,2,5
5,141.0,A10,ext_salida,2,4
5,141.0,A10,ext_salida,1,4
5,146.0,A1,ext_llegada,5,11
5,164.0,A5,ext_llegada,2,4
5,164.0,A5,ext_llegada,3,4
5,164.0,A5,ext_llegada,4,4
5,168.0,A1,ext_salida,4,11
5,175.0,A7,ext_llegada,2,5
5,178.0,A8,ext_llegada,2,9
5,178.0,A8,ext_llegada,3,9
5,178.0,A8,ext_llegada,4,9
5,200.0,A8,ext_salida,3,9
5,200.0,A8,ext_salida,2,9
5,200.0,A8,ext_salida,1,9
5,201.0,A5,ext_salida,3,4
5,201.0,A5,ext_salida,2,4
5,201.0,A5,ext_salida,1,4
5,214.0,A7,ext_salida,1,5
5,215.0,A6,ext_llegada,2,5
5,215.0,A6,ext_llegada,3,5
5,222.0,A9,ext_llegada,3,7
5,230.0,A3,ext_llegada,1,4
5,230.0,A3,ext_llegada,2,4
5,232.0,A2,ext_llegada,2,5
5,232.0,A2,ext_llegada,3,5
5,252.0,A6,ext_salida,2,5
5,252.0,A6,ext_salida,1,5
5,260.0,A2,ext_salida,2,5
5,260.0,A2,ext_salida,1,5
5,262.0,A9,ext_salida,2,7
5,265.0,A3,ext_salida,1,4
5,265.0,A3,ext_salida,0,4
5,293.0,A10,ext_llegada,2,4
5,293.0,A10,ext_llegada,3,4
5,293.0,A10,ext_llegada,4,4
5,294.0,A4,ext_llegada,3,5
5,294.0,A4,ext_llegada,4,5
5,294.0,A4,ext_llegada,5,5
5,309.0,A7,ext_llegada,2,5
5,313.0,A10,ext_salida,3,4
5,313.0,A10,ext_salida,2,4
5,313.0,A10,ext_salida,1,4
5,316.0,A4,ext_salida,4,5
5,316.0,A4,ext_salida,3,5
5,316.0,A4,ext_salida,2,5
5,317.0,A1,ext_llegada,5,11
5,317.0,A1,ext_llegada,6,11
5,339.0,A7,ext_salida,1,5
5,349.0,A1,ext_salida,5,11
5,349.0,A1,ext_salida,4,11
5,355.0,A8,ext_llegada,2,9
5,365.0,A5,ext_llegada,2,4
5,365.0,A5,ext_llegada,3,4
5,373.0,A6,ext_llegada,2,5
5,377.0,A9,ext_llegada,3,7
5,390.0,A5,ext_salida,2,4
5,390.0,A5,ext_salida,1,4
5,393.0,A8,ext_salida,1,9
5,401.0,A9,ext_salida,2,7
5,410.0,A6,ext_salida,1,5
5,413.0,A3,ext_llegada,1,4
5,421.0,A10,ext_llegada,2,4
5,421.0,A10,ext_llegada,3,4
5,433.0,A2,ext_llegada,2,5
5,433.0,A2,ext_llegada,3,5
5,442.0,A3,ext_salida,0,4
5,442.0,A10,ext_salida,2,4
5,442.0,A10,ext_salida,1,4
5,445.0,A1,ext_llegada,5,11
5,450.0,A7,ext_llegada,2,5
5,461.0,A2,ext_salida,2,5
5,461.0,A2,ext_salida,1,5
5,473.0,A1,ext_salida,4,11
5,479.0,A7,ext_salida,1,5
5,483.0,A5,ext_llegada,2,4
5,483.0,A5,ext_llegada,3,4
5,483.0,A5,ext_llegada,4,4
5,496.0,A4,ext_llegada,3,5
5,496.0,A4,ext_llegada,4,5
5,505.0,A9,ext_llegada,3,7
5,505.0,A9,ext_llegada,4,7
5,515.0,A5,ext_salida,3,4
5,515.0,A5,ext_salida,2,4
5,515.0,A5,ext_salida,1,4
5,527.0,A8,ext_llegada,2,9
5,527.0,A8,ext_llegada,3,9
5,531.0,A4,ext_salida,3,5
5,531.0,A4,ext_salida,2,5
5,537.0,A10,ext_llegada,2,4
5,537.0,A10,ext_llegada,3,4
5,537.0,A10,ext_llegada,4,4
5,543.0,A9,ext_salida,3,7
5,543.0,A9,ext_salida,2,7
5,548.0,A8,ext_salida,2,9
5,548.0,A8,ext_salida,1,9
5,562.0,A10,ext_salida,3,4
5,562.0,A10,ext_salida,2,4
5,562.0,A10,ext_salida,1,4
5,567.0,A6,ext_llegada,2,5
5,567.0,A6,ext_llegada,3,5
5,570.0,A2,ext_llegada,2,5
5,574.0,A7,ext_llegada,2,5
5,574.0,A7,ext_llegada,3,5
5,595.0,A6,ext_salida,2,5
5,595.0,A6,ext_salida,1,5
5,595.0,A2,ext_salida,1,5
5,607.0,A7,ext_salida,2,5
5,607.0,A7,ext_salida,1,5
5,616.0,A3,ext_llegada,1,4
5,616.0,A3,ext_llegada,2,4
5,622.0,A1,ext_llegada,5,11
5,622.0,A1,ext_llegada,6,11
5,622.0,A1,ext_llegada,7,11
5,648.0,A3,ext_salida,1,4
5,648.0,A3,ext_salida,0,4
5,650.0,A1,ext_salida,6,11
5,650.0,A1,ext_salida,5,11
5,650.0,A1,ext_salida,4,11
5,664.0,A5,ext_llegada,2,4
5,664.0,A5,ext_llegada,3,4
5,681.0,A4,ext_llegada,3,5
5,681.0,A4,ext_llegada,4,5
5,681.0,A4,ext_llegada,5,5
5,687.0,A5,ext_salida,2,4
5,687.0,A5,ext_salida,1,4
5,689.0,A9,ext_llegada,3,7
5,689.0,A9,ext_llegada,4,7
5,700.0,A6,ext_llegada,2,5
5,700.0,A6,ext_llegada,3,5
5,700.0,A6,ext_llegada,4,5
5,704.0,A8,ext_llegada,2,9
5,704.0,A8,ext_llegada,3,9
5,706.0,A4,ext_salida,4,5
5,706.0,A4,ext_salida,3,5
5,706.0,A4,ext_salida,2,5
5,708.0,A10,ext_llegada,2,4
5,708.0,A10,ext_llegada,3,4
5,710.0,A7,ext_llegada,2,5
5,713.0,A9,ext_salida,3,7
5,713.0,A9,ext_salida,2,7
5,726.0,A8,ext_salida,2,9
5,726.0,A8,ext_salida,1,9
5,730.0,A6,ext_salida,3,5
5,730.0,A6,ext_salida,2,5
5,730.0,A6,ext_salida,1,5
5,734.0,A10,ext_salida,2,4
5,734.0,A10,ext_salida,1,4
5,739.0,A7,ext_salida,1,5
5,752.0,A2,ext_llegada,2,5
5,752.0,A2,ext_llegada,3,5
5,764.0,A1,ext_llegada,5,11
5,764.0,A1,ext_llegada,6,11
5,781.0,A2,ext_salida,2,5
5,781.0,A2,ext_salida,1,5
5,786.0,A1,ext_salida,5,11
5,786.0,A1,ext_salida,4,11
5,806.0,A4,ext_llegada,3,5
5,807.0,A9,ext_llegada,3,7
5,820.0,A3,ext_llegada,1,4
5,820.0,A3,ext_llegada,2,4
5,830.0,A9,ext_salida,2,7
5,835.0,A10,ext_llegada,2,4
5,835.0,A10,ext_llegada,3,4
5,839.0,A4,ext_salida,2,5
5,844.0,A8,ext_llegada,2,9
5,844.0,A8,ext_llegada,3,9
5,846.0,A3,ext_salida,1,4
5,846.0,A3,ext_salida,0,4
5,851.0,A5,ext_llegada,2,4
5,851.0,A5,ext_llegada,3,4
5,851.0,A5,ext_llegada,4,4
5,870.0,A8,ext_salida,2,9
5,870.0,A8,ext_salida,1,9
5,871.0,A10,ext_salida,2,4
5,871.0,A10,ext_salida,1,4
5,884.0,A6,ext_llegada,2,5
5,884.0,A5,ext_salida,3,4
5,884.0,A5,ext_salida,2,4
5,884.0,A5,ext_salida,1,4
5,908.0,A1,ext_llegada,5,11
5,908.0,A1,ext_llegada,6,11
5,913.0,A6,ext_salida,1,5
5,918.0,A7,ext_llegada,2,5
5,918.0,A7,ext_llegada,3,5
5,945.0,A2,ext_llegada,2,5
5,945.0,A2,ext_llegada,3,5
5,945.0,A1,ext_salida,5,11
5,945.0,A1,ext_salida,4,11
5,955.0,A7,ext_salida,2,5
5,955.0,A7,ext_salida,1,5
5,959.0,A4,ext_llegada,3,5
5,975.0,A2,ext_salida,2,5
5,975.0,A2,ext_salida,1,5
5,981.0,A5,ext_llegada,2,4
5,982.0,A8,ext_llegada,2,9
5,998.0,A4,ext_salida,2,5
5,1001.0,A3,ext_llegada,1,4
5,1010.0,A9,ext_llegada,3,7
5,1010.0,A9,ext_llegada,4,7
5,1010.0,A9,ext_llegada,5,7
5,1012.0,A8,ext_salida,1,9
5,1018.0,A5,ext_salida,1,4
5,1022.0,A6,ext_llegada,2,5
5,1022.0,A3,ext_salida,0,4
5,1032.0,A9,ext_salida,4,7
5,1032.0,A9,ext_salida,3,7
5,1032.0,A9,ext_salida,2,7
5,1035.0,A10,ext_llegada,2,4
5,1052.0,A1,ext_llegada,5,11
5,1052.0,A1,ext_llegada,6,11
5,1055.0,A6,ext_salida,1,5
5,1061.0,A7,ext_llegada,2,5
5,1061.0,A7,ext_llegada,3,5
5,1067.0,A10,ext_salida,1,4
5,1086.0,A2,ext_llegada,2,5
5,1086.0,A2,ext_llegada,3,5
5,1086.0,A2,ext_llegada,4,5
5,1089.0,A1,ext_salida,5,11
5,1089.0,A1,ext_salida,4,11
5,1094.0,A7,ext_salida,2,5
5,1094.0,A7,ext_salida,1,5
5,1109.0,A4,ext_llegada,3,5
5,1120.0,A8,ext_llegada,2,9
5,1120.0,A8,ext_llegada,3,9
5,1124.0,A2,ext_salida,3,5
5,1124.0,A2,ext_salida,2,5
5,1124.0,A2,ext_salida,1,5
5,1135.0,A5,ext_llegada,2,4
5,1135.0,A5,ext_llegada,3,4
5,1135.0,A5,ext_llegada,4,4
5,1137.0,A4,ext_salida,2,5
5,1153.0,A8,ext_salida,2,9
5,1153.0,A8,ext_salida,1,9
5,1162.0,A3,ext_llegada,1,4
5,1162.0,A3,ext_llegada,2,4
5,1162.0,A3,ext_llegada,3,4
5,1163.0,A9,ext_llegada,3,7
5,1163.0,A9,ext_llegada,4,7
5,1163.0,A5,ext_salida,3,4
5,1163.0,A5,ext_salida,2,4
5,1163.0,A5,ext_salida,1,4
5,1189.0,A9,ext_salida,3,7
5,1189.0,A9,ext_salida,2,7
5,1194.0,A3,ext_salida,2,4
5,1194.0,A3,ext_salida,1,4
5,1194.0,A3,ext_salida,0,4
5,1197.0,A10,ext_llegada,2,4
5,1198.0,A1,ext_llegada,5,11
5,1198.0,A1,ext_llegada,6,11
5,1225.0,A6,ext_llegada,2,5
5,1225.0,A6,ext_llegada,3,5
5,1225.0,A1,ext_salida,5,11
5,1225.0,A1,ext_salida,4,11
5,1228.0,A10,ext_salida,1,4
5,1250.0,A6,ext_salida,2,5
5,1250.0,A6,ext_salida,1,5
5,1252.0,A7,ext_llegada,2,5
5,1257.0,A8,ext_llegada,2,9
5,1257.0,A8,ext_llegada,3,9
5,1265.0,A2,ext_llegada,2,5
5,1265.0,A2,ext_llegada,3,5
5,1286.0,A8,ext_salida,2,9
5,1286.0,A8,ext_salida,1,9
5,1287.0,A7,ext_salida,1,5
5,1291.0,A5,ext_llegada,2,4
5,1291.0,A5,ext_llegada,3,4
5,1291.0,A5,ext_llegada,4,4
5,1294.0,A4,ext_llegada,3,5
5,1300.0,A2,ext_salida,2,5
5,1300.0,A2,ext_salida,1,5
5,1323.0,A4,ext_salida,2,5
5,1326.0,A5,ext_salida,3,4
5,1326.0,A5,ext_salida,2,4
5,1326.0,A5,ext_salida,1,4
5,1334.0,A3,ext_llegada,1,4
5,1334.0,A3,ext_llegada,2,4
5,1334.0,A3,ext_llegada,3,4
5,1340.0,A6,ext_llegada,2,5
5,1354.0,A9,ext_llegada,3,7
5,1354.0,A9,ext_llegada,4,7
5,1354.0,A9,ext_llegada,5,7
5,1357.0,A10,ext_llegada,2,4
5,1357.0,A10,ext_llegada,3,4
5,1363.0,A1,ext_llegada,5,11
5,1363.0,A1,ext_llegada,6,11
5,1363.0,A1,ext_llegada,7,11
5,1365.0,A3,ext_salida,2,4
5,1365.0,A3,ext_salida,1,4
5,1365.0,A3,ext_salida,0,4
5,1365.0,A6,ext_salida,1,5
5,1383.0,A1,ext_salida,6,11
5,1383.0,A1,ext_salida,5,11
5,1383.0,A1,ext_salida,4,11
5,1392.0,A9,ext_salida,4,7
5,1392.0,A9,ext_salida,3,7
5,1392.0,A9,ext_salida,2,7
5,1392.0,A10,ext_salida,2,4
5,1392.0,A10,ext_salida,1,4
5,1399.0,A8,ext_llegada,2,9
5,1399.0,A8,ext_llegada,3,9
5,1421.0,A8,ext_salida,2,9
5,1421.0,A8,ext_salida,1,9
5,1428.0,A7,ext_llegada,2,5
5,1428.0,A7,ext_llegada,3,5
5,1428.0,A7,ext_llegada,4,5
5,1458.0,A7,ext_salida,3,5
5,1458.0,A7,ext_salida,2,5
5,1458.0,A7,ext_salida,1,5
5,1460.0,A4,ext_llegada,3,5
5,1460.0,A4,ext_llegada,4,5
5,1465.0,A2,ext_llegada,2,5
5,1465.0,A2,ext_llegada,3,5
5,1465.0,A2,ext_llegada,4,5
5,1485.0,A9,ext_llegada,3,7
5,1485.0,A9,ext_llegada,4,7
5,1486.0,A1,ext_llegada,5,11
5,1486.0,A1,ext_llegada,6,11
5,1489.0,A4,ext_salida,3,5
5,1489.0,A4,ext_salida,2,5
5,1499.0,A5,ext_llegada,2,4
5,1499.0,A5,ext_llegada,3,4
5,1499.0,A5,ext_llegada,4,4
5,1503.0,A2,ext_salida,3,5
5,1503.0,A2,ext_salida,2,5
5,1503.0,A2,ext_salida,1,5
5,1514.0,A3,ext_llegada,1,4
5,1514.0,A3,ext_llegada,2,4
5,1514.0,A3,ext_llegada,3,4
5,1523.0,A9,ext_salida,3,7
5,1523.0,A9,ext_salida,2,7
5,1524.0,A1,ext_salida,5,11
5,1524.0,A1,ext_salida,4,11
5,1527.0,A5,ext_salida,3,4
5,1527.0,A5,ext_salida,2,4
5,1527.0,A5,ext_salida,1,4
5,1528.0,A10,ext_llegada,2,4
5,1528.0,A10,ext_llegada,3,4
5,1528.0,A8,ext_llegada,2,9
5,1528.0,A8,ext_llegada,3,9
5,1539.0,A6,ext_llegada,2,5
5,1553.0,A3,ext_salida,2,4
5,1553.0,A3,ext_salida,1,4
5,1553.0,A3,ext_salida,0,4
5,1556.0,A8,ext_salida,2,9
5,1556.0,A8,ext_salida,1,9
5,1558.0,A10,ext_salida,2,4
5,1558.0,A10,ext_salida,1,4
5,1575.0,A6,ext_salida,1,5
5,1592.0,A7,ext_llegada,2,5
5,1602.0,A2,ext_llegada,2,5
5,1602.0,A2,ext_llegada,3,5
5,1603.0,A4,ext_llegada,3,5
5,1620.0,A7,ext_salida,1,5
5,1626.0,A2,ext_salida,2,5
5,1626.0,A2,ext_salida,1,5
5,1635.0,A4,ext_salida,2,5
5,1639.0,A9,ext_llegada,3,7
5,1657.0,A1,ext_llegada,5,11
5,1657.0,A1,ext_llegada,6,11
5,1663.0,A9,ext_salida,2,7
5,1680.0,A6,ext_llegada,2,5
5,1680.0,A6,ext_llegada,3,5
5,1682.0,A5,ext_llegada,2,4
5,1693.0,A1,ext_salida,5,11
5,1693.0,A1,ext_salida,4,11
5,1711.0,A5,ext_salida,1,4
5,1714.0,A7,ext_llegada,2,5
5,1714.0,A7,ext_llegada,3,5
5,1716.0,A6,ext_salida,2,5
5,1716.0,A6,ext_salida,1,5
5,1718.0,A3,ext_llegada,1,4
5,1718.0,A3,ext_llegada,2,4
5,1718.0,A10,ext_llegada,2,4
5,1720.0,A8,ext_llegada,2,9
5,1730.0,A4,ext_llegada,3,5
5,1730.0,A4,ext_llegada,4,5
5,1752.0,A7,ext_salida,2,5
5,1752.0,A7,ext_salida,1,5
5,1754.0,A3,ext_salida,1,4
5,1754.0,A3,ext_salida,0,4
5,1758.0,A10,ext_salida,1,4
5,1758.0,A8,ext_salida,1,9
5,1768.0,A4,ext_salida,3,5
5,1768.0,A4,ext_salida,2,5
5,1798.0,A9,ext_llegada,3,7
5,1798.0,A9,ext_llegada,4,7
5,1798.0,A9,ext_llegada,5,7
5,1801.0,A2,ext_llegada,2,5
5,1801.0,A2,ext_llegada,3,5
5,1801.0,A2,ext_llegada,4,5
5,1816.0,A1,ext_llegada,5,11
5,1816.0,A1,ext_llegada,6,11
5,1816.0,A1,ext_llegada,7,11
5,1822.0,A9,ext_salida,4,7
5,1822.0,A9,ext_salida,3,7
5,1822.0,A9,ext_salida,2,7
5,1834.0,A6,ext_llegada,2,5
5,1834.0,A6,ext_llegada,3,5
5,1834.0,A6,ext_llegada,4,5
5,1838.0,A1,ext_salida,6,11
5,1838.0,A1,ext_salida,5,11
5,1838.0,A1,ext_salida,4,11
5,1840.0,A2,ext_salida,3,5
5,1840.0,A2,ext_salida,2,5
5,1840.0,A2,ext_salida,1,5
5,1861.0,A6,ext_salida,3,5
5,1861.0,A6,ext_salida,2,5
5,1861.0,A6,ext_salida,1,5
5,1864.0,A3,ext_llegada,1,4
5,1864.0,A3,ext_llegada,2,4
5,1864.0,A3,ext_llegada,3,4
5,1871.0,A7,ext_llegada,2,5
5,1871.0,A7,ext_llegada,3,5
5,1890.0,A5,ext_llegada,2,4
5,1890.0,A5,ext_llegada,3,4
5,1890.0,A5,ext_llegada,4,4
5,1895.0,A7,ext_salida,2,5
5,1895.0,A7,ext_salida,1,5
5,1896.0,A3,ext_salida,2,4
5,1896.0,A3,ext_salida,1,4
5,1896.0,A3,ext_salida,0,4
5,1909.0,A10,ext_llegada,2,4
5,1909.0,A10,ext_llegada,3,4
5,1909.0,A10,ext_llegada,4,4
5,1911.0,A8,ext_llegada,2,9
5,1911.0,A8,ext_llegada,3,9
5,1927.0,A5,ext_salida,3,4
5,1927.0,A5,ext_salida,2,4
5,1927.0,A5,ext_salida,1,4
5,1930.0,A9,ext_llegada,3,7
5,1932.0,A8,ext_salida,2,9
5,1932.0,A8,ext_salida,1,9
5,1945.0,A4,ext_llegada,3,5
5,1945.0,A4,ext_llegada,4,5
5,1948.0,A10,ext_salida,3,4
5,1948.0,A10,ext_salida,2,4
5,1948.0,A10,ext_salida,1,4
5,1951.0,A2,ext_llegada,2,5
5,1951.0,A2,ext_llegada,3,5
5,1951.0,A2,ext_llegada,4,5
5,1961.0,A9,ext_salida,2,7
5,1966.0,A4,ext_salida,3,5
5,1966.0,A4,ext_salida,2,5
5,1973.0,A2,ext_salida,3,5
5,1973.0,A2,ext_salida,2,5
5,1973.0,A2,ext_salida,1,5
5,2015.0,A6,ext_llegada,2,5
5,2016.0,A1,ext_llegada,5,11
5,2016.0,A1,ext_llegada,6,11
5,2016.0,A1,ext_llegada,7,11
5,2046.0,A6,ext_salida,1,5
5,2048.0,A1,ext_salida,6,11
5,2048.0,A1,ext_salida,5,11
5,2048.0,A1,ext_salida,4,11
5,2054.0,A3,ext_llegada,1,4
5,2057.0,A7,ext_llegada,2,5
5,2057.0,A7,ext_llegada,3,5
5,2064.0,A5,ext_llegada,2,4
5,2064.0,A5,ext_llegada,3,4
5,2074.0,A3,ext_salida,0,4
5,2079.0,A7,ext_salida,2,5
5,2079.0,A7,ext_salida,1,5
5,2085.0,A4,ext_llegada,3,5
5,2085.0,A4,ext_llegada,4,5
5,2091.0,A9,ext_llegada,3,7
5,2097.0,A5,ext_salida,2,4
5,2097.0,A5,ext_salida,1,4
5,2108.0,A8,ext_llegada,2,9
5,2108.0,A8,ext_llegada,3,9
5,2108.0,A8,ext_llegada,4,9
5,2111.0,A9,ext_salida,2,7
5,2115.0,A10,ext_llegada,2,4
5,2125.0,A4,ext_salida,3,5
5,2125.0,A4,ext_salida,2,5
5,2137.0,A10,ext_salida,1,4
5,2139.0,A8,ext_salida,3,9
5,2139.0,A8,ext_salida,2,9
5,2139.0,A8,ext_salida,1,9
5,2142.0,A2,ext_llegada,2,5
5,2181.0,A2,ext_salida,1,5
5,2187.0,A7,ext_llegada,2,5
5,2187.0,A7,ext_llegada,3,5
5,2187.0,A7,ext_llegada,4,5
5,2201.0,A1,ext_llegada,5,11
5,2201.0,A1,ext_llegada,6,11
5,2201.0,A1,ext_llegada,7,11
5,2207.0,A3,ext_llegada,1,4
5,2207.0,A3,ext_llegada,2,4
5,2207.0,A3,ext_llegada,3,4
5,2211.0,A6,ext_llegada,2,5
5,2211.0,A6,ext_llegada,3,5
5,2211.0,A6,ext_llegada,4,5
5,2211.0,A7,ext_salida,3,5
5,2211.0,A7,ext_salida,2,5
5,2211.0,A7,ext_salida,1,5
5,2225.0,A1,ext_salida,6,11
5,2225.0,A1,ext_salida,5,11
5,2225.0,A1,ext_salida,4,11
5,2229.0,A10,ext_llegada,2,4
5,2229.0,A10,ext_llegada,3,4
5,2232.0,A5,ext_llegada,2,4
5,2232.0,A5,ext_llegada,3,4
5,2232.0,A5,ext_llegada,4,4
5,2232.0,A6,ext_salida,3,5
5,2232.0,A6,ext_salida,2,5
5,2232.0,A6,ext_salida,1,5
5,2235.0,A3,ext_salida,2,4
5,2235.0,A3,ext_salida,1,4
5,2235.0,A3,ext_salida,0,4
5,2254.0,A9,ext_llegada,3,7
5,2254.0,A9,ext_llegada,4,7
5,2256.0,A8,ext_llegada,2,9
5,2263.0,A5,ext_salida,3,4
5,2263.0,A5,ext_salida,2,4
5,2263.0,A5,ext_salida,1,4
5,2268.0,A10,ext_salida,2,4
5,2268.0,A10,ext_salida,1,4
5,2285.0,A9,ext_salida,3,7
5,2285.0,A9,ext_salida,2,7
5,2285.0,A8,ext_salida,1,9
5,2296.0,A4,ext_llegada,3,5
5,2333.0,A4,ext_salida,2,5
5,2350.0,A2,ext_llegada,2,5
5,2354.0,A5,ext_llegada,2,4
5,2354.0,A5,ext_llegada,3,4
5,2354.0,A5,ext_llegada,4,4
5,2358.0,A6,ext_llegada,2,5
5,2358.0,A6,ext_llegada,3,5
5,2358.0,A6,ext_llegada,4,5
5,2374.0,A1,ext_llegada,5,11
5,2374.0,A1,ext_llegada,6,11
5,2374.0,A1,ext_llegada,7,11
5,2375.0,A3,ext_llegada,1,4
5,2375.0,A3,ext_llegada,2,4
5,2376.0,A2,ext_salida,1,5
5,2377.0,A7,ext_llegada,2,5
5,2377.0,A7,ext_llegada,3,5
5,2389.0,A6,ext_salida,3,5
5,2389.0,A6,ext_salida,2,5
5,2389.0,A6,ext_salida,1,5
5,2392.0,A5,ext_salida,3,4
5,2392.0,A5,ext_salida,2,4
5,2392.0,A5,ext_salida,1,4
5,2398.0,A10,ext_llegada,2,4
5,2399.0,A1,ext_salida,6,11
5,2399.0,A1,ext_salida,5,11
5,2399.0,A1,ext_salida,4,11
5,2404.0,A3,ext_salida,1,4
5,2404.0,A3,ext_salida,0,4
5,2409.0,A8,ext_llegada,2,9
5,2409.0,A8,ext_llegada,3,9
5,2417.0,A7,ext_salida,2,5
5,2417.0,A7,ext_salida,1,5
5,2418.0,A10,ext_salida,1,4
5,2436.0,A8,ext_salida,2,9
5,2436.0,A8,ext_salida,1,9
5,2449.0,A9,ext_llegada,3,7
5,2449.0,A9,ext_llegada,4,7
5,2449.0,A9,ext_llegada,5,7
5,2474.0,A9,ext_salida,4,7
5,2474.0,A9,ext_salida,3,7
5,2474.0,A9,ext_salida,2,7
5,2499.0,A4,ext_llegada,3,5
5,2499.0,A4,ext_llegada,4,5
5,2499.0,A4,ext_llegada,5,5
5,2501.0,A6,ext_llegada,2,5
5,2501.0,A6,ext_llegada,3,5
5,2512.0,A2,ext_llegada,2,5
5,2512.0,A2,ext_llegada,3,5
5,2531.0,A7,ext_llegada,2,5
5,2531.0,A7,ext_llegada,3,5
5,2531.0,A7,ext_llegada,4,5
5,2537.0,A4,ext_salida,4,5
5,2537.0,A4,ext_salida,3,5
5,2537.0,A4,ext_salida,2,5
5,2537.0,A6,ext_salida,2,5
5,2537.0,A6,ext_salida,1,5
5,2540.0,A5,ext_llegada,2,4
5,2540.0,A5,ext_llegada,3,4
5,2551.0,A2,ext_salida,2,5
5,2551.0,A2,ext_salida,1,5
5,2558.0,A1,ext_llegada,5,11
5,2560.0,A8,ext_llegada,2,9
5,2560.0,A8,ext_llegada,3,9
5,2564.0,A10,ext_llegada,2,4
5,2566.0,A7,ext_salida,3,5
5,2566.0,A7,ext_salida,2,5
5,2566.0,A7,ext_salida,1,5
5,2571.0,A5,ext_salida,2,4
5,2571.0,A5,ext_salida,1,4
5,2583.0,A3,ext_llegada,1,4
5,2587.0,A10,ext_salida,1,4
5,2594.0,A1,ext_salida,4,11
5,2598.0,A8,ext_salida,2,9
5,2598.0,A8,ext_salida,1,9
5,2609.0,A9,ext_llegada,3,7
5,2620.0,A3,ext_salida,0,4
5,2631.0,A9,ext_salida,2,7
5,2688.0,A4,ext_llegada,3,5
5,2688.0,A4,ext_llegada,4,5
5,2692.0,A6,ext_llegada,2,5
5,2692.0,A6,ext_llegada,3,5
5,2700.0,A1,ext_llegada,5,11
5,2700.0,A1,ext_llegada,6,11
5,2700.0,A1,ext_llegada,7,11
5,2716.0,A7,ext_llegada,2,5
5,2716.0,A7,ext_llegada,3,5
5,2716.0,A7,ext_llegada,4,5
5,2720.0,A2,ext_llegada,2,5
5,2720.0,A2,ext_llegada,3,5
5,2720.0,A2,ext_llegada,4,5
5,2720.0,A8,ext_llegada,2,9
5,2720.0,A8,ext_llegada,3,9
5,2723.0,A5,ext_llegada,2,4
5,2723.0,A5,ext_llegada,3,4
5,2723.0,A5,ext_llegada,4,4
5,2724.0,A4,ext_salida,3,5
5,2724.0,A4,ext_salida,2,5
5,2724.0,A6,ext_salida,2,5
5,2724.0,A6,ext_salida,1,5
5,2726.0,A1,ext_salida,6,11
5,2726.0,A1,ext_salida,5,11
5,2726.0,A1,ext_salida,4,11
5,2746.0,A5,ext_salida,3,4
5,2746.0,A5,ext_salida,2,4
5,2746.0,A5,ext_salida,1,4
5,2748.0,A10,ext_llegada,2,4
5,2751.0,A7,ext_salida,3,5
5,2751.0,A7,ext_salida,2,5
5,2751.0,A7,ext_salida,1,5
5,2752.0,A3,ext_llegada,1,4
5,2752.0,A3,ext_llegada,2,4
5,2754.0,A2,ext_salida,3,5
5,2754.0,A2,ext_salida,2,5
5,2754.0,A2,ext_salida,1,5
5,2754.0,A8,ext_salida,2,9
5,2754.0,A8,ext_salida,1,9
5,2771.0,A9,ext_llegada,3,7
5,2771.0,A9,ext_llegada,4,7
5,2771.0,A9,ext_llegada,5,7
5,2773.0,A10,ext_salida,1,4
5,2777.0,A3,ext_salida,1,4
5,2777.0,A3,ext_salida,0,4
5,2797.0,A9,ext_salida,4,7
5,2797.0,A9,ext_salida,3,7
5,2797.0,A9,ext_salida,2,7
5,2826.0,A1,ext_llegada,5,11
5,2826.0,A1,ext_llegada,6,11
5,2826.0,A1,ext_llegada,7,11
5,2845.0,A5,ext_llegada,2,4
5,2845.0,A5,ext_llegada,3,4
5,2845.0,A5,ext_llegada,4,4
5,2856.0,A1,ext_salida,6,11
5,2856.0,A1,ext_salida,5,11
5,2856.0,A1,ext_salida,4,11
5,2868.0,A5,ext_salida,3,4
5,2868.0,A5,ext_salida,2,4
5,2868.0,A5,ext_salida,1,4
5,2870.0,A3,ext_llegada,1,4
5,2870.0,A3,ext_llegada,2,4
5,2870.0,A3,ext_llegada,3,4
5,2873.0,A6,ext_llegada,2,5
5,2873.0,A6,ext_llegada,3,5
5,2878.0,A8,ext_llegada,2,9
5,2878.0,A8,ext_llegada,3,9
5,2883.0,A4,ext_llegada,3,5
5,2883.0,A4,ext_llegada,4,5
5,2883.0,A4,ext_llegada,5,5
5,2892.0,A2,ext_llegada,2,5
5,2892.0,A2,ext_llegada,3,5
5,2892.0,A2,ext_llegada,4,5
5,2896.0,A10,ext_llegada,2,4
5,2896.0,A10,ext_llegada,3,4
5,2896.0,A10,ext_llegada,4,4
5,2898.0,A3,ext_salida,2,4
5,2898.0,A3,ext_salida,1,4
5,2898.0,A3,ext_salida,0,4
5,2903.0,A6,ext_salida,2,5
5,2903.0,A6,ext_salida,1,5
5,2907.0,A9,ext_llegada,3,7
5,2907.0,A8,ext_salida,2,9
5,2907.0,A8,ext_salida,1,9
5,2916.0,A4,ext_salida,4,5
5,2916.0,A4,ext_salida,3,5
5,2916.0,A4,ext_salida,2,5
5,2918.0,A7,ext_llegada,2,5
5,2918.0,A7,ext_llegada,3,5
5,2921.0,A10,ext_salida,3,4
5,2921.0,A10,ext_salida,2,4
5,2921.0,A10,ext_salida,1,4
5,2930.0,A2,ext_salida,3,5
5,2930.0,A2,ext_salida,2,5
5,2930.0,A2,ext_salida,1,5
5,2936.0,A9,ext_salida,2,7
5,2948.0,A7,ext_salida,2,5
5,2948.0,A7,ext_salida,1,5
5,2951.0,A1,ext_llegada,5,11
5,2951.0,A1,ext_llegada,6,11
5,2951.0,A1,ext_llegada,7,11
5,2965.0,A5,ext_llegada,2,4
5,2965.0,A5,ext_llegada,3,4
5,2965.0,A5,ext_llegada,4,4
5,2985.0,A1,ext_salida,6,11
5,2985.0,A1,ext_salida,5,11
5,2985.0,A1,ext_salida,4,11
5,2999.0,A5,ext_salida,3,4
5,2999.0,A5,ext_salida,2,4
5,2999.0,A5,ext_salida,1,4
5,3036.0,A3,ext_llegada,1,4
5,3036.0,A3,ext_llegada,2,4
5,3043.0,A6,ext_llegada,2,5
5,3043.0,A6,ext_llegada,3,5
5,3045.0,A9,ext_llegada,3,7
5,3045.0,A9,ext_llegada,4,7
5,3051.0,A2,ext_llegada,2,5
5,3051.0,A2,ext_llegada,3,5
5,3051.0,A2,ext_llegada,4,5
5,3062.0,A7,ext_llegada,2,5
5,3062.0,A7,ext_llegada,3,5
5,3072.0,A3,ext_salida,1,4
5,3072.0,A3,ext_salida,0,4
5,3073.0,A8,ext_llegada,2,9
5,3073.0,A8,ext_llegada,3,9
5,3073.0,A9,ext_salida,3,7
5,3073.0,A9,ext_salida,2,7
5,3076.0,A6,ext_salida,2,5
5,3076.0,A6,ext_salida,1,5
5,3082.0,A4,ext_llegada,3,5
5,3089.0,A10,ext_llegada,2,4
5,3089.0,A2,ext_salida,3,5
5,3089.0,A2,ext_salida,2,5
5,3089.0,A2,ext_salida,1,5
5,3092.0,A7,ext_salida,2,5
5,3092.0,A7,ext_salida,1,5
5,3098.0,A8,ext_salida,2,9
5,3098.0,A8,ext_salida,1,9
5,3103.0,A4,ext_salida,2,5
5,3127.0,A10,ext_salida,1,4
5,3128.0,A1,ext_llegada,5,11
5,3128.0,A1,ext_llegada,6,11
5,3153.0,A5,ext_llegada,2,4
5,3162.0,A1,ext_salida,5,11
5,3162.0,A1,ext_salida,4,11
5,3183.0,A9,ext_llegada,3,7
5,3190.0,A5,ext_salida,1,4
5,3193.0,A3,ext_llegada,1,4
5,3205.0,A9,ext_salida,2,7
5,3218.0,A6,ext_llegada,2,5
5,3218.0,A6,ext_llegada,3,5
5,3218.0,A6,ext_llegada,4,5
5,3227.0,A7,ext_llegada,2,5
5,3227.0,A7,ext_llegada,3,5
5,3233.0,A3,ext_salida,0,4
5,3243.0,A10,ext_llegada,2,4
5,3243.0,A10,ext_llegada,3,4
5,3248.0,A2,ext_llegada,2,5
5,3248.0,A2,ext_llegada,3,5
5,3253.0,A6,ext_salida,3,5
5,3253.0,A6,ext_salida,2,5
5,3253.0,A6,ext_salida,1,5
5,3254.0,A7,ext_salida,2,5
5,3254.0,A7,ext_salida,1,5
5,3262.0,A4,ext_llegada,3,5
5,3262.0,A4,ext_llegada,4,5
5,3262.0,A4,ext_llegada,5,5
5,3268.0,A8,ext_llegada,2,9
5,3268.0,A8,ext_llegada,3,9
5,3279.0,A10,ext_salida,2,4
5,3279.0,A10,ext_salida,1,4
5,3284.0,A2,ext_salida,2,5
5,3284.0,A2,ext_salida,1,5
5,3284.0,A4,ext_salida,4,5
5,3284.0,A4,ext_salida,3,5
5,3284.0,A4,ext_salida,2,5
5,3288.0,A8,ext_salida,2,9
5,3288.0,A8,ext_salida,1,9
5,3289.0,A5,ext_llegada,2,4
5,3289.0,A5,ext_llegada,3,4
5,3303.0,A1,ext_llegada,5,11
5,3322.0,A5,ext_salida,2,4
5,3322.0,A5,ext_salida,1,4
5,3339.0,A1,ext_salida,4,11
5,3343.0,A9,ext_llegada,3,7
5,3378.0,A9,ext_salida,2,7
5,3392.0,A4,ext_llegada,3,5
5,3392.0,A4,ext_llegada,4,5
5,3396.0,A8,ext_llegada,2,9
5,3397.0,A2,ext_llegada,2,5
5,3397.0,A2,ext_llegada,3,5
5,3401.0,A7,ext_llegada,2,5
5,3401.0,A7,ext_llegada,3,5
5,3409.0,A6,ext_llegada,2,5
5,3411.0,A3,ext_llegada,1,4
5,3411.0,A3,ext_llegada,2,4
5,3424.0,A8,ext_salida,1,9
5,3429.0,A5,ext_llegada,2,4
5,3431.0,A4,ext_salida,3,5
5,3431.0,A4,ext_salida,2,5
5,3431.0,A7,ext_salida,2,5
5,3431.0,A7,ext_salida,1,5
5,3431.0,A6,ext_salida,1,5
5,3432.0,A2,ext_salida,2,5
5,3432.0,A2,ext_salida,1,5
5,3433.0,A10,ext_llegada,2,4
5,3433.0,A10,ext_llegada,3,4
5,3438.0,A3,ext_salida,1,4
5,3438.0,A3,ext_salida,0,4
5,3451.0,A5,ext_salida,1,4
5,3457.0,A10,ext_salida,2,4
5,3457.0,A10,ext_salida,1,4
5,3467.0,A1,ext_llegada,5,11
5,3467.0,A1,ext_llegada,6,11
5,3467.0,A1,ext_llegada,7,11
5,3503.0,A1,ext_salida,6,11
5,3503.0,A1,ext_salida,5,11
5,3503.0,A1,ext_salida,4,11
5,3537.0,A9,ext_llegada,3,7
5,3540.0,A7,ext_llegada,2,5
5,3540.0,A7,ext_llegada,3,5
5,3540.0,A7,ext_llegada,4,5
5,3555.0,A4,ext_llegada,3,5
5,3555.0,A4,ext_llegada,4,5
5,3567.0,A9,ext_salida,2,7
5,3568.0,A5,ext_llegada,2,4
5,3568.0,A5,ext_llegada,3,4
5,3570.0,A8,ext_llegada,2,9
5,3570.0,A8,ext_llegada,3,9
5,3570.0,A8,ext_llegada,4,9
5,3572.0,A10,ext_llegada,2,4
5,3572.0,A10,ext_llegada,3,4
5,3572.0,A10,ext_llegada,4,4
5,3575.0,A4,ext_salida,3,5
5,3575.0,A4,ext_salida,2,5
5,3578.0,A3,ext_llegada,1,4
5,3578.0,A3,ext_llegada,2,4
5,3579.0,A7,ext_salida,3,5
5,3579.0,A7,ext_salida,2,5
5,3579.0,A7,ext_salida,1,5
5,3592.0,A10,ext_salida,3,4
5,3592.0,A10,ext_salida,2,4
5,3592.0,A10,ext_salida,1,4
5,3593.0,A2,ext_llegada,2,5
5,3594.0,A5,ext_salida,2,4
5,3594.0,A5,ext_salida,1,4
5,3597.0,A8,ext_salida,3,9
5,3597.0,A8,ext_salida,2,9
5,3597.0,A8,ext_salida,1,9
5,3601.0,A6,ext_llegada,2,5
5,3601.0,A6,ext_llegada,3,5
5,3611.0,A1,ext_llegada,5,11
5,3611.0,A1,ext_llegada,6,11
5,3611.0,A1,ext_llegada,7,11
5,3612.0,A3,ext_salida,1,4
5,3612.0,A3,ext_salida,0,4
5,3626.0,A2,ext_salida,1,5
5,3631.0,A6,ext_salida,2,5
5,3631.0,A6,ext_salida,1,5
5,3649.0,A1,ext_salida,6,11
5,3649.0,A1,ext_salida,5,11
5,3649.0,A1,ext_salida,4,11
5,3667.0,A4,ext_llegada,3,5
5,3667.0,A4,ext_llegada,4,5
5,3667.0,A4,ext_llegada,5,5
5,3699.0,A7,ext_llegada,2,5
5,3699.0,A7,ext_llegada,3,5
5,3705.0,A4,ext_salida,4,5
5,3705.0,A4,ext_salida,3,5
5,3705.0,A4,ext_salida,2,5
5,3723.0,A9,ext_llegada,3,7
5,3723.0,A9,ext_llegada,4,7
5,3723.0,A9,ext_llegada,5,7
5,3728.0,A7,ext_salida,2,5
5,3728.0,A7,ext_salida,1,5
5,3738.0,A5,ext_llegada,2,4
5,3738.0,A5,ext_llegada,3,4
5,3743.0,A9,ext_salida,4,7
5,3743.0,A9,ext_salida,3,7
5,3743.0,A9,ext_salida,2,7
5,3747.0,A2,ext_llegada,2,5
5,3747.0,A2,ext_llegada,3,5
5,3750.0,A8,ext_llegada,2,9
5,3768.0,A3,ext_llegada,1,4
5,3768.0,A3,ext_llegada,2,4
5,3769.0,A10,ext_llegada,2,4
5,3776.0,A5,ext_salida,2,4
5,3776.0,A5,ext_salida,1,4
5,3782.0,A8,ext_salida,1,9
5,3785.0,A2,ext_salida,2,5
5,3785.0,A2,ext_salida,1,5
5,3794.0,A3,ext_salida,1,4
5,3794.0,A3,ext_salida,0,4
5,3796.0,A6,ext_llegada,2,5
5,3802.0,A10,ext_salida,1,4
5,3812.0,A1,ext_llegada,5,11
5,3812.0,A1,ext_llegada,6,11
5,3812.0,A1,ext_llegada,7,11
5,3820.0,A7,ext_llegada,2,5
5,3835.0,A6,ext_salida,1,5
5,3843.0,A1,ext_salida,6,11
5,3843.0,A1,ext_salida,5,11
5,3843.0,A1,ext_salida,4,11
5,3847.0,A7,ext_salida,1,5
5,3848.0,A9,ext_llegada,3,7
5,3855.0,A4,ext_llegada,3,5
5,3855.0,A4,ext_llegada,4,5
5,3872.0,A9,ext_salida,2,7
5,3886.0,A8,ext_llegada,2,9
5,3886.0,A8,ext_llegada,3,9
5,3891.0,A4,ext_salida,3,5
5,3891.0,A4,ext_salida,2,5
5,3901.0,A10,ext_llegada,2,4
5,3901.0,A10,ext_llegada,3,4
5,3906.0,A3,ext_llegada,1,4
5,3916.0,A5,ext_llegada,2,4
5,3916.0,A5,ext_llegada,3,4
5,3922.0,A8,ext_salida,2,9
5,3922.0,A8,ext_salida,1,9
5,3927.0,A2,ext_llegada,2,5
5,3927.0,A2,ext_llegada,3,5
5,3927.0,A2,ext_llegada,4,5
5,3927.0,A3,ext_salida,0,4
5,3933.0,A6,ext_llegada,2,5
5,3937.0,A10,ext_salida,2,4
5,3937.0,A10,ext_salida,1,4
5,3951.0,A5,ext_salida,2,4
5,3951.0,A5,ext_salida,1,4
5,3956.0,A2,ext_salida,3,5
5,3956.0,A2,ext_salida,2,5
5,3956.0,A2,ext_salida,1,5
5,3965.0,A9,ext_llegada,3,7
5,3965.0,A9,ext_llegada,4,7
5,3972.0,A6,ext_salida,1,5
5,3985.0,A7,ext_llegada,2,5
5,3985.0,A7,ext_llegada,3,5
5,3988.0,A4,ext_llegada,3,5
5,3988.0,A4,ext_llegada,4,5
5,3992.0,A9,ext_salida,3,7
5,3992.0,A9,ext_salida,2,7
5,3998.0,A1,ext_llegada,5,11
5,3998.0,A1,ext_llegada,6,11
5,3998.0,A1,ext_llegada,7,11
5,4010.0,A7,ext_salida,2,5
5,4010.0,A7,ext_salida,1,5
5,4013.0,A4,ext_salida,3,5
5,4013.0,A4,ext_salida,2,5
5,4015.0,A8,ext_llegada,2,9
5,4015.0,A8,ext_llegada,3,9
5,4027.0,A1,ext_salida,6,11
5,4027.0,A1,ext_salida,5,11
5,4027.0,A1,ext_salida,4,11
5,4040.0,A3,ext_llegada,1,4
5,4040.0,A3,ext_llegada,2,4
5,4040.0,A3,ext_llegada,3,4
5,4053.0,A2,ext_llegada,2,5
5,4055.0,A8,ext_salida,2,9
5,4055.0,A8,ext_salida,1,9
5,4078.0,A2,ext_salida,1,5
5,4079.0,A3,ext_salida,2,4
5,4079.0,A3,ext_salida,1,4
5,4079.0,A3,ext_salida,0,4
5,4089.0,A10,ext_llegada,2,4
5,4089.0,A10,ext_llegada,3,4
5,4104.0,A4,ext_llegada,3,5
5,4104.0,A4,ext_llegada,4,5
5,4104.0,A4,ext_llegada,5,5
5,4114.0,A5,ext_llegada,2,4
5,4114.0,A5,ext_llegada,3,4
5,4119.0,A6,ext_llegada,2,5
5,4119.0,A6,ext_llegada,3,5
5,4129.0,A10,ext_salida,2,4
5,4129.0,A10,ext_salida,1,4
5,4134.0,A5,ext_salida,2,4
5,4134.0,A5,ext_salida,1,4
5,4135.0,A9,ext_llegada,3,7
5,4135.0,A9,ext_llegada,4,7
5,4143.0,A4,ext_salida,4,5
5,4143.0,A4,ext_salida,3,5
5,4143.0,A4,ext_salida,2,5
5,4144.0,A6,ext_salida,2,5
5,4144.0,A6,ext_salida,1,5
5,4158.0,A1,ext_llegada,5,11
5,4166.0,A7,ext_llegada,2,5
5,4166.0,A7,ext_llegada,3,5
5,4166.0,A7,ext_llegada,4,5
5,4172.0,A2,ext_llegada,2,5
5,4172.0,A2,ext_llegada,3,5
5,4172.0,A2,ext_llegada,4,5
5,4174.0,A9,ext_salida,3,7
5,4174.0,A9,ext_salida,2,7
5,4196.0,A1,ext_salida,4,11
5,4199.0,A7,ext_salida,3,5
5,4199.0,A7,ext_salida,2,5
5,4199.0,A7,ext_salida,1,5
5,4202.0,A2,ext_salida,3,5
5,4202.0,A2,ext_salida,2,5
5,4202.0,A2,ext_salida,1,5
5,4234.0,A8,ext_llegada,2,9
5,4234.0,A8,ext_llegada,3,9
5,4234.0,A8,ext_llegada,4,9
5,4246.0,A6,ext_llegada,2,5
5,4246.0,A6,ext_llegada,3,5
5,4252.0,A3,ext_llegada,1,4
5,4267.0,A8,ext_salida,3,9
5,4267.0,A8,ext_salida,2,9
5,4267.0,A8,ext_salida,1,9
5,4269.0,A4,ext_llegada,3,5
5,4269.0,A4,ext_llegada,4,5
5,4269.0,A4,ext_llegada,5,5
5,4274.0,A10,ext_llegada,2,4
5,4274.0,A10,ext_llegada,3,4
5,4282.0,A6,ext_salida,2,5
5,4282.0,A6,ext_salida,1,5
5,4284.0,A3,ext_salida,0,4
5,4296.0,A2,ext_llegada,2,5
5,4296.0,A2,ext_llegada,3,5
5,4296.0,A2,ext_llegada,4,5
5,4305.0,A4,ext_salida,4,5
5,4305.0,A4,ext_salida,3,5
5,4305.0,A4,ext_salida,2,5
5,4306.0,A5,ext_llegada,2,4
5,4306.0,A5,ext_llegada,3,4
5,4306.0,A5,ext_llegada,4,4
5,4314.0,A10,ext_salida,2,4
5,4314.0,A10,ext_salida,1,4
5,4322.0,A2,ext_salida,3,5
5,4322.0,A2,ext_salida,2,5
5,4322.0,A2,ext_salida,1,5
5,4329.0,A5,ext_salida,3,4
5,4329.0,A5,ext_salida,2,4
5,4329.0,A5,ext_salida,1,4
5,4331.0,A9,ext_llegada,3,7
5,4331.0,A9,ext_llegada,4,7
5,4331.0,A9,ext_llegada,5,7
5,4366.0,A7,ext_llegada,2,5
5,4367.0,A9,ext_salida,4,7
5,4367.0,A9,ext_salida,3,7
5,4367.0,A9,ext_salida,2,7
5,4370.0,A8,ext_llegada,2,9
5,4370.0,A8,ext_llegada,3,9
5,4370.0,A8,ext_llegada,4,9
5,4376.0,A1,ext_llegada,5,11
5,4376.0,A1,ext_llegada,6,11
5,4406.0,A7,ext_salida,1,5
5,4410.0,A8,ext_salida,3,9
5,4410.0,A8,ext_salida,2,9
5,4410.0,A8,ext_salida,1,9
5,4415.0,A1,ext_salida,5,11
5,4415.0,A1,ext_salida,4,11
5,4423.0,A2,ext_llegada,2,5
5,4440.0,A3,ext_llegada,1,4
5,4440.0,A3,ext_llegada,2,4
5,4447.0,A6,ext_llegada,2,5
5,4454.0,A10,ext_llegada,2,4
5,4459.0,A5,ext_llegada,2,4
5,4459.0,A5,ext_llegada,3,4
5,4459.0,A5,ext_llegada,4,4
5,4462.0,A2,ext_salida,1,5
5,4466.0,A9,ext_llegada,3,7
5,4466.0,A9,ext_llegada,4,7
5,4466.0,A9,ext_llegada,5,7
5,4478.0,A4,ext_llegada,3,5
5,4478.0,A4,ext_llegada,4,5
5,4478.0,A4,ext_llegada,5,5
5,4478.0,A6,ext_salida,1,5
5,4479.0,A3,ext_salida,1,4
5,4479.0,A3,ext_salida,0,4
5,4485.0,A5,ext_salida,3,4
5,4485.0,A5,ext_salida,2,4
5,4485.0,A5,ext_salida,1,4
5,4492.0,A10,ext_salida,1,4
5,4500.0,A9,ext_salida,4,7
5,4500.0,A9,ext_salida,3,7
5,4500.0,A9,ext_salida,2,7
5,4514.0,A1,ext_llegada,5,11
5,4514.0,A1,ext_llegada,6,11
5,4514.0,A1,ext_llegada,7,11
5,4515.0,A4,ext_salida,4,5
5,4515.0,A4,ext_salida,3,5
5,4515.0,A4,ext_salida,2,5
5,4533.0,A8,ext_llegada,2,9
5,4533.0,A8,ext_llegada,3,9
5,4552.0,A1,ext_salida,6,11
5,4552.0,A1,ext_salida,5,11
5,4552.0,A1,ext_salida,4,11
5,4557.0,A7,ext_llegada,2,5
5,4565.0,A2,ext_llegada,2,5
5,4565.0,A2,ext_llegada,3,5
5,4565.0,A2,ext_llegada,4,5
5,4571.0,A8,ext_salida,2,9
5,4571.0,A8,ext_salida,1,9
5,4580.0,A5,ext_llegada,2,4
5,4580.0,A5,ext_llegada,3,4
5,4590.0,A6,ext_llegada,2,5
5,4595.0,A7,ext_salida,1,5
5,4595.0,A2,ext_salida,3,5
5,4595.0,A2,ext_salida,2,5
5,4595.0,A2,ext_salida,1,5
5,4606.0,A5,ext_salida,2,4
5,4606.0,A5,ext_salida,1,4
5,4616.0,A10,ext_llegada,2,4
5,4626.0,A6,ext_salida,1,5
5,4638.0,A10,ext_salida,1,4
5,4642.0,A3,ext_llegada,1,4
5,4642.0,A3,ext_llegada,2,4
5,4654.0,A9,ext_llegada,3,7
5,4654.0,A9,ext_llegada,4,7
5,4654.0,A9,ext_llegada,5,7
5,4656.0,A4,ext_llegada,3,5
5,4656.0,A4,ext_llegada,4,5
5,4656.0,A4,ext_llegada,5,5
5,4679.0,A3,ext_salida,1,4
5,4679.0,A3,ext_salida,0,4
5,4685.0,A9,ext_salida,4,7
5,4685.0,A9,ext_salida,3,7
5,4685.0,A9,ext_salida,2,7
5,4696.0,A4,ext_salida,4,5
5,4696.0,A4,ext_salida,3,5
5,4696.0,A4,ext_salida,2,5
5,4697.0,A2,ext_llegada,2,5
5,4697.0,A2,ext_llegada,3,5
5,4716.0,A7,ext_llegada,2,5
5,4721.0,A1,ext_llegada,5,11
5,4726.0,A6,ext_llegada,2,5
5,4726.0,A6,ext_llegada,3,5
5,4726.0,A6,ext_llegada,4,5
5,4730.0,A8,ext_llegada,2,9
5,4730.0,A8,ext_llegada,3,9
5,4731.0,A10,ext_llegada,2,4
5,4731.0,A10,ext_llegada,3,4
5,4731.0,A2,ext_salida,2,5
5,4731.0,A2,ext_salida,1,5
5,4734.0,A5,ext_llegada,2,4
5,4742.0,A7,ext_salida,1,5
5,4752.0,A1,ext_salida,4,11
5,4754.0,A10,ext_salida,2,4
5,4754.0,A10,ext_salida,1,4
5,4756.0,A6,ext_salida,3,5
5,4756.0,A6,ext_salida,2,5
5,4756.0,A6,ext_salida,1,5
5,4758.0,A5,ext_salida,1,4
5,4762.0,A8,ext_salida,2,9
5,4762.0,A8,ext_salida,1,9
5,4788.0,A4,ext_llegada,3,5
5,4788.0,A4,ext_llegada,4,5
5,4824.0,A3,ext_llegada,1,4
5,4824.0,A2,ext_llegada,2,5
5,4824.0,A2,ext_llegada,3,5
5,4824.0,A2,ext_llegada,4,5
5,4826.0,A4,ext_salida,3,5
5,4826.0,A4,ext_salida,2,5
5,4845.0,A3,ext_salida,0,4
5,4853.0,A9,ext_llegada,3,7
5,4853.0,A9,ext_llegada,4,7
5,4854.0,A2,ext_salida,3,5
5,4854.0,A2,ext_salida,2,5
5,4854.0,A2,ext_salida,1,5
5,4859.0,A8,ext_llegada,2,9
5,4859.0,A8,ext_llegada,3,9
5,4859.0,A8,ext_llegada,4,9
5,4860.0,A5,ext_llegada,2,4
5,4860.0,A5,ext_llegada,3,4
5,4860.0,A5,ext_llegada,4,4
5,4862.0,A6,ext_llegada,2,5
5,4887.0,A1,ext_llegada,5,11
5,4887.0,A1,ext_llegada,6,11
5,4889.0,A7,ext_llegada,2,5
5,4889.0,A7,ext_llegada,3,5
5,4889.0,A7,ext_llegada,4,5
5,4891.0,A5,ext_salida,3,4
5,4891.0,A5,ext_salida,2,4
5,4891.0,A5,ext_salida,1,4
5,4892.0,A9,ext_salida,3,7
5,4892.0,A9,ext_salida,2,7
5,4892.0,A8,ext_salida,3,9
5,4892.0,A8,ext_salida,2,9
5,4892.0,A8,ext_salida,1,9
5,4895.0,A6,ext_salida,1,5
5,4913.0,A1,ext_salida,5,11
5,4913.0,A1,ext_salida,4,11
5,4914.0,A7,ext_salida,3,5
5,4914.0,A7,ext_salida,2,5
5,4914.0,A7,ext_salida,1,5
5,4934.0,A10,ext_llegada,2,4
5,4934.0,A10,ext_llegada,3,4
5,4934.0,A10,ext_llegada,4,4
5,4954.0,A2,ext_llegada,2,5
5,4954.0,A2,ext_llegada,3,5
5,4954.0,A2,ext_llegada,4,5
5,4967.0,A10,ext_salida,3,4
5,4967.0,A10,ext_salida,2,4
5,4967.0,A10,ext_salida,1,4
5,4987.0,A4,ext_llegada,3,5
5,4989.0,A2,ext_salida,3,5
5,4989.0,A2,ext_salida,2,5
5,4989.0,A2,ext_salida,1,5
5,5011.0,A8,ext_llegada,2,9
5,5011.0,A8,ext_llegada,3,9
5,5011.0,A8,ext_llegada,4,9
5,5013.0,A3,ext_llegada,1,4
5,5013.0,A3,ext_llegada,2,4
5,5013.0,A3,ext_llegada,3,4
5,5019.0,A4,ext_salida,2,5
5,5025.0,A7,ext_llegada,2,5
5,5025.0,A7,ext_llegada,3,5
5,5046.0,A8,ext_salida,3,9
5,5046.0,A8,ext_salida,2,9
5,5046.0,A8,ext_salida,1,9
5,5051.0,A3,ext_salida,2,4
5,5051.0,A3,ext_salida,1,4
5,5051.0,A3,ext_salida,0,4
5,5055.0,A9,ext_llegada,3,7
5,5057.0,A1,ext_llegada,5,11
5,5060.0,A5,ext_llegada,2,4
5,5060.0,A5,ext_llegada,3,4
5,5060.0,A5,ext_llegada,4,4
5,5063.0,A7,ext_salida,2,5
5,5063.0,A7,ext_salida,1,5
5,5075.0,A6,ext_llegada,2,5
5,5075.0,A6,ext_llegada,3,5
5,5085.0,A1,ext_salida,4,11
5,5086.0,A9,ext_salida,2,7
5,5089.0,A5,ext_salida,3,4
5,5089.0,A5,ext_salida,2,4
5,5089.0,A5,ext_salida,1,4
5,5100.0,A6,ext_salida,2,5
5,5100.0,A6,ext_salida,1,5
5,5140.0,A10,ext_llegada,2,4
5,5140.0,A10,ext_llegada,3,4
5,5140.0,A10,ext_llegada,4,4
5,5143.0,A2,ext_llegada,2,5
5,5158.0,A4,ext_llegada,3,5
5,5158.0,A4,ext_llegada,4,5
5,5171.0,A8,ext_llegada,2,9
5,5171.0,A2,ext_salida,1,5
5,5174.0,A3,ext_llegada,1,4
5,5174.0,A3,ext_llegada,2,4
5,5174.0,A3,ext_llegada,3,4
5,5174.0,A10,ext_salida,3,4
5,5174.0,A10,ext_salida,2,4
5,5174.0,A10,ext_salida,1,4
5,5184.0,A7,ext_llegada,2,5
5,5189.0,A4,ext_salida,3,5
5,5189.0,A4,ext_salida,2,5
5,5194.0,A1,ext_llegada,5,11
5,5194.0,A1,ext_llegada,6,11
5,5194.0,A3,ext_salida,2,4
5,5194.0,A3,ext_salida,1,4
5,5194.0,A3,ext_salida,0,4
5,5202.0,A8,ext_salida,1,9
5,5210.0,A7,ext_salida,1,5
5,5220.0,A1,ext_salida,5,11
5,5220.0,A1,ext_salida,4,11
5,5253.0,A9,ext_llegada,3,7
5,5253.0,A9,ext_llegada,4,7
5,5253.0,A9,ext_llegada,5,7
5,5259.0,A5,ext_llegada,2,4
5,5259.0,A5,ext_llegada,3,4
5,5264.0,A6,ext_llegada,2,5
5,5264.0,A6,ext_llegada,3,5
5,5282.0,A9,ext_salida,4,7
5,5282.0,A9,ext_salida,3,7
5,5282.0,A9,ext_salida,2,7
5,5296.0,A5,ext_salida,2,4
5,5296.0,A5,ext_salida,1,4
5,5297.0,A6,ext_salida,2,5
5,5297.0,A6,ext_salida,1,5
5,5328.0,A10,ext_llegada,2,4
5,5328.0,A10,ext_llegada,3,4
5,5328.0,A10,ext_llegada,4,4
5,5342.0,A2,ext_llegada,2,5
5,5342.0,A2,ext_llegada,3,5
5,5342.0,A2,ext_llegada,4,5
5,5344.0,A3,ext_llegada,1,4
5,5344.0,A3,ext_llegada,2,4
5,5344.0,A3,ext_llegada,3,4
5,5349.0,A7,ext_llegada,2,5
5,5349.0,A7,ext_llegada,3,5
5,5349.0,A10,ext_salida,3,4
5,5349.0,A10,ext_salida,2,4
5,5349.0,A10,ext_salida,1,4
5,5357.0,A4,ext_llegada,3,5
5,5374.0,A3,ext_salida,2,4
5,5374.0,A3,ext_salida,1,4
5,5374.0,A3,ext_salida,0,4
5,5375.0,A7,ext_salida,2,5
5,5375.0,A7,ext_salida,1,5
5,5378.0,A8,ext_llegada,2,9
5,5378.0,A8,ext_llegada,3,9
5,5382.0,A2,ext_salida,3,5
5,5382.0,A2,ext_salida,2,5
5,5382.0,A2,ext_salida,1,5
5,5389.0,A4,ext_salida,2,5
5,5393.0,A1,ext_llegada,5,11
5,5393.0,A1,ext_llegada,6,11
5,5406.0,A9,ext_llegada,3,7
5,5406.0,A9,ext_llegada,4,7
5,5411.0,A8,ext_salida,2,9
5,5411.0,A8,ext_salida,1,9
5,5422.0,A1,ext_salida,5,11
5,5422.0,A1,ext_salida,4,11
5,5443.0,A5,ext_llegada,2,4
5,5443.0,A5,ext_llegada,3,4
5,5443.0,A5,ext_llegada,4,4
5,5445.0,A9,ext_salida,3,7
5,5445.0,A9,ext_salida,2,7
5,5470.0,A6,ext_llegada,2,5
5,5470.0,A6,ext_llegada,3,5
5,5470.0,A6,ext_llegada,4,5
5,5474.0,A5,ext_salida,3,4
5,5474.0,A5,ext_salida,2,4
5,5474.0,A5,ext_salida,1,4
5,5479.0,A10,ext_llegada,2,4
5,5479.0,A10,ext_llegada,3,4
5,5495.0,A6,ext_salida,3,5
5,5495.0,A6,ext_salida,2,5
5,5495.0,A6,ext_salida,1,5
5,5509.0,A2,ext_llegada,2,5
5,5509.0,A2,ext_llegada,3,5
5,5509.0,A2,ext_llegada,4,5
5,5511.0,A7,ext_llegada,2,5
5,5517.0,A10,ext_salida,2,4
5,5517.0,A10,ext_salida,1,4
5,5522.0,A8,ext_llegada,2,9
5,5522.0,A8,ext_llegada,3,9
5,5528.0,A4,ext_llegada,3,5
5,5528.0,A4,ext_llegada,4,5
5,5538.0,A7,ext_salida,1,5
5,5543.0,A3,ext_llegada,1,4
5,5549.0,A2,ext_salida,3,5
5,5549.0,A2,ext_salida,2,5
5,5549.0,A2,ext_salida,1,5
5,5553.0,A8,ext_salida,2,9
5,5553.0,A8,ext_salida,1,9
5,5560.0,A9,ext_llegada,3,7
5,5560.0,A9,ext_llegada,4,7
5,5567.0,A4,ext_salida,3,5
5,5567.0,A4,ext_salida,2,5
5,5570.0,A1,ext_llegada,5,11
5,5570.0,A1,ext_llegada,6,11
5,5570.0,A1,ext_llegada,7,11
5,5571.0,A5,ext_llegada,2,4
5,5571.0,A5,ext_llegada,3,4
5,5571.0,A5,ext_llegada,4,4
5,5573.0,A3,ext_salida,0,4
5,5583.0,A9,ext_salida,3,7
5,5583.0,A9,ext_salida,2,7
5,5595.0,A1,ext_salida,6,11
5,5595.0,A1,ext_salida,5,11
5,5595.0,A1,ext_salida,4,11
5,5608.0,A5,ext_salida,3,4
5,5608.0,A5,ext_salida,2,4
5,5608.0,A5,ext_salida,1,4
5,5643.0,A6,ext_llegada,2,5
5,5643.0,A6,ext_llegada,3,5
5,5655.0,A10,ext_llegada,2,4
5,5655.0,A10,ext_llegada,3,4
5,5660.0,A7,ext_llegada,2,5
5,5671.0,A6,ext_salida,2,5
5,5671.0,A6,ext_salida,1,5
5,5677.0,A10,ext_salida,2,4
5,5677.0,A10,ext_salida,1,4
5,5695.0,A3,ext_llegada,1,4
5,5695.0,A3,ext_llegada,2,4
5,5695.0,A3,ext_llegada,3,4
5,5695.0,A9,ext_llegada,3,7
5,5696.0,A7,ext_salida,1,5
5,5699.0,A8,ext_llegada,2,9
5,5710.0,A2,ext_llegada,2,5
5,5716.0,A3,ext_salida,2,4
5,5716.0,A3,ext_salida,1,4
5,5716.0,A3,ext_salida,0,4
5,5731.0,A8,ext_salida,1,9
5,5735.0,A9,ext_salida,2,7
5,5736.0,A1,ext_llegada,5,11
5,5737.0,A4,ext_llegada,3,5
5,5737.0,A4,ext_llegada,4,5
5,5743.0,A2,ext_salida,1,5
5,5755.0,A5,ext_llegada,2,4
5,5760.0,A1,ext_salida,4,11
5,5768.0,A4,ext_salida,3,5
5,5768.0,A4,ext_salida,2,5
5,5793.0,A5,ext_salida,1,4
5,5819.0,A6,ext_llegada,2,5
5,5824.0,A7,ext_llegada,2,5
5,5824.0,A7,ext_llegada,3,5
5,5824.0,A7,ext_llegada,4,5
5,5829.0,A10,ext_llegada,2,4
5,5829.0,A10,ext_llegada,3,4
5,5834.0,A9,ext_llegada,3,7
5,5846.0,A6,ext_salida,1,5
5,5859.0,A9,ext_salida,2,7
5,5861.0,A10,ext_salida,2,4
5,5861.0,A10,ext_salida,1,4
5,5862.0,A7,ext_salida,3,5
5,5862.0,A7,ext_salida,2,5
5,5862.0,A7,ext_salida,1,5
5,5870.0,A2,ext_llegada,2,5
5,5885.0,A3,ext_llegada,1,4
5,5894.0,A2,ext_salida,1,5
5,5895.0,A8,ext_llegada,2,9
5,5913.0,A4,ext_llegada,3,5
5,5918.0,A1,ext_llegada,5,11
5,5920.0,A3,ext_salida,0,4
5,5932.0,A8,ext_salida,1,9
5,5935.0,A4,ext_salida,2,5
5,5942.0,A1,ext_salida,4,11
5,5943.0,A5,ext_llegada,2,4
5,5943.0,A5,ext_llegada,3,4
5,5943.0,A5,ext_llegada,4,4
5,5955.0,A9,ext_llegada,3,7
5,5955.0,A9,ext_llegada,4,7
5,5955.0,A9,ext_llegada,5,7
5,5964.0,A7,ext_llegada,2,5
5,5964.0,A7,ext_llegada,3,5
5,5964.0,A7,ext_llegada,4,5
5,5965.0,A10,ext_llegada,2,4
5,5965.0,A10,ext_llegada,3,4
5,5976.0,A5,ext_salida,3,4
5,5976.0,A5,ext_salida,2,4
5,5976.0,A5,ext_salida,1,4
5,5984.0,A9,ext_salida,4,7
5,5984.0,A9,ext_salida,3,7
5,5984.0,A9,ext_salida,2,7
5,5992.0,A10,ext_salida,2,4
5,5992.0,A10,ext_salida,1,4
5,5995.0,A7,ext_salida,3,5
5,5995.0,A7,ext_salida,2,5
5,5995.0,A7,ext_salida,1,5
5,6013.0,A6,ext_llegada,2,5
5,6013.0,A6,ext_llegada,3,5
5,6013.0,A6,ext_llegada,4,5
5,6031.0,A2,ext_llegada,2,5
5,6031.0,A2,ext_llegada,3,5
5,6031.0,A2,ext_llegada,4,5
5,6042.0,A6,ext_salida,3,5
5,6042.0,A6,ext_salida,2,5
5,6042.0,A6,ext_salida,1,5
5,6050.0,A3,ext_llegada,1,4
5,6050.0,A3,ext_llegada,2,4
5,6057.0,A4,ext_llegada,3,5
5,6057.0,A4,ext_llegada,4,5
5,6063.0,A2,ext_salida,3,5
5,6063.0,A2,ext_salida,2,5
5,6063.0,A2,ext_salida,1,5
5,6070.0,A8,ext_llegada,2,9
5,6070.0,A8,ext_llegada,3,9
5,6070.0,A8,ext_llegada,4,9
5,6074.0,A5,ext_llegada,2,4
5,6086.0,A3,ext_salida,1,4
5,6086.0,A3,ext_salida,0,4
5,6086.0,A4,ext_salida,3,5
5,6086.0,A4,ext_salida,2,5
5,6088.0,A10,ext_llegada,2,4
5,6095.0,A8,ext_salida,3,9
5,6095.0,A8,ext_salida,2,9
5,6095.0,A8,ext_salida,1,9
5,6104.0,A5,ext_salida,1,4
5,6110.0,A1,ext_llegada,5,11
5,6110.0,A1,ext_llegada,6,11
5,6110.0,A1,ext_llegada,7,11
5,6111.0,A7,ext_llegada,2,5
5,6111.0,A7,ext_llegada,3,5
5,6114.0,A9,ext_llegada,3,7
5,6114.0,A9,ext_llegada,4,7
5,6118.0,A10,ext_salida,1,4
5,6120.0,A30,ocupacion_origen,2,4
5,6120.0,A28,ocupacion_origen,2,5
5,6125.0,A4,ocupacion_origen,3,5
5,6125.0,A30,ocupacion_origen,3,4
5,6132.975394488376,A4,despegue,2,5
5,6134.0,A7,ext_salida,2,5
5,6134.0,A7,ext_salida,1,5
5,6136.0,A9,ext_salida,3,7
5,6136.0,A9,ext_salida,2,7
5,6136.0,A2,ocupacion_origen,2,5
5,6137.851718658137,A30,despegue,2,4
5,6138.001146981681,A30,despegue,1,4
5,6141.0,A1,ext_salida,6,11
5,6141.0,A1,ext_salida,5,11
5,6141.0,A1,ext_salida,4,11
5,6143.0,A5,ocupacion_origen,2,4
5,6152.023944134485,A28,aterrizaje,3,5
5,6152.622573723673,A5,despegue,1,4
5,6153.0,A36,ocupacion_origen,3,9
5,6156.467856713092,A2,despegue,1,5
5,6158.0,A10,ocupacion_origen,2,4
5,6159.5729559270585,A28,despegue,2,5
5,6160.0,A1,ocupacion_origen,5,11
5,6162.023944134485,A28,salida_destino,1,5
5,6164.730869121575,A36,despegue,2,9
5,6171.0,A11,ocupacion_origen,1,4
5,6177.0,A32,ocupacion_origen,3,12
5,6177.999080507393,A19,aterrizaje,1,5
5,6178.0,A4,ext_llegada,3,5
5,6179.0,A28,ocupacion_origen,2,5
5,6179.431677382658,A24,aterrizaje,2,5
5,6185.0,A2,ext_llegada,2,5
5,6185.0,A31,ocupacion_origen,3,8
5,6185.0,A2,ocupacion_origen,3,5
5,6185.0,A43,ocupacion_origen,2,12
5,6187.0,A33,ocupacion_origen,2,5
5,6187.999080507393,A19,salida_destino,0,5
5,6188.657967982523,A1,despegue,4,11
5,6189.0,A20,ocupacion_origen,2,4
5,6189.431677382658,A24,salida_destino,1,5
5,6190.5186812706415,A28,despegue,1,5
5,6194.415912051825,A2,despegue,2,5
5,6195.0,A25,ocupacion_origen,4,12
5,6195.519477645809,A43,despegue,1,12
5,6195.762053185383,A44,aterrizaje,2,5
5,6197.0,A41,ocupacion_origen,3,12
5,6197.69568043833,A33,despegue,1,5
5,6197.949678455834,A20,despegue,1,4
5,6198.0,A12,ocupacion_origen,2,4
5,6199.0,A6,ext_llegada,2,5
5,6199.488812271021,A4,aterrizaje,4,5
5,6199.701674873578,A32,despegue,2,12
5,6201.0,A9,ocupacion_origen,3,7
5,6202.0,A3,ocupacion_origen,1,4
5,6202.032708478174,A10,despegue,1,4
5,6204.0,A8,ocupacion_origen,2,9
5,6205.0,A34,ocupacion_origen,4,8
5,6205.762053185383,A44,salida_destino,1,5
5,6206.0,A4,ext_salida,3,5
5,6207.0,A2,ext_salida,1,5
5,6208.0,A26,ocupacion_origen,2,11
5,6209.427530975262,A25,despegue,3,12
5,6209.488812271021,A4,salida_destino,2,5
5,6209.8012689241,A36,aterrizaje,3,9
5,6210.0,A15,ocupacion_origen,4,11
5,6211.0,A6,ocupacion_origen,3,5
5,6215.873617963698,A41,despegue,2,12
5,6215.909895204854,A11,despegue,0,4
5,6216.647872794735,A28,aterrizaje,2,5
5,6216.757271222679,A16,aterrizaje,2,6
5,6216.984397052729,A3,despegue,0,4
5,6217.0255530583545,A34,despegue,3,8
5,6218.3645708805,A6,aterrizaje,4,5
5,6219.8012689241,A36,salida_destino,2,9
5,6220.0,A31,ocupacion_origen,4,8
5,6220.737880402517,A26,despegue,1,11
5,6220.986832398918,A6,despegue,3,5
5,6221.12783244932,A38,aterrizaje,2,7
5,6224.0,A46,ocupacion_origen,3,9
5,6224.0,A33,ocupacion_origen,2,5
5,6225.218106858486,A31,despegue,3,8
5,6226.0,A26,ocupacion_origen,2,11
5,6226.647872794735,A28,salida_destino,1,5
5,6226.757271222679,A16,salida_destino,1,6
5,6226.92743598999,A27,aterrizaje,2,5
5,6228.0,A12,ocupacion_origen,3,4
5,6228.3645708805,A6,salida_destino,2,5
5,6229.190015343529,A15,despegue,3,11
5,6230.0,A9,ocupacion_origen,4,7
5,6231.0,A38,ocupacion_origen,3,7
5,6231.12783244932,A38,salida_destino,2,7
5,6231.488208921216,A46,despegue,2,9
5,6231.539515058104,A8,despegue,1,9
5,6232.0,A7,ext_llegada,2,5
5,6232.0,A6,ext_salida,1,5
5,6234.0,A10,ocupacion_origen,2,4
5,6234.0,A27,ocupacion_origen,3,5
5,6235.0,A13,ocupacion_origen,2,9
5,6235.753388528788,A9,despegue,3,7
5,6236.0,A5,ext_llegada,2,4
5,6236.0,A5,ext_llegada,3,4
5,6236.92743598999,A27,salida_destino,2,5
5,6238.415274294268,A12,despegue,2,4
5,6238.496132046103,A32,aterrizaje,3,12
5,6241.8935792219845,A48,aterrizaje,5,11
5,6243.364162778753,A27,despegue,1,5
5,6245.0,A40,ocupacion_origen,2,11
5,6245.0,A45,ocupacion_origen,1,4
5,6245.0,A38,ocupacion_origen,3,7
5,6245.296739999054,A38,despegue,2,7
5,6246.0,A24,ocupacion_origen,2,5
5,6246.812505180386,A7,aterrizaje,3,5
5,6247.0,A29,ocupacion_origen,4,12
5,6247.0,A20,ocupacion_origen,2,4
5,6247.0,A28,ocupacion_origen,2,5
5,6248.0,A45,ocupacion_origen,2,4
5,6248.496132046103,A32,salida_destino,2,12
5,6250.0,A8,ext_llegada,2,9
5,6250.0,A8,ext_llegada,3,9
5,6250.0,A8,ext_llegada,4,9
5,6250.0,A32,ocupacion_origen,3,12
5,6251.0,A13,ocupacion_origen,3,9
5,6251.8935792219845,A48,salida_destino,4,11
5,6252.371996345212,A2,aterrizaje,2,5
5,6253.0,A3,ext_llegada,1,4
5,6253.0,A3,ext_llegada,2,4
5,6253.0,A3,ext_llegada,3,4
5,6255.0,A29,ocupacion_origen,5,12
5,6256.812505180386,A7,salida_destino,2,5
5,6257.516865208924,A20,despegue,1,4
5,6257.971636521303,A38,despegue,1,7
5,6257.983165214933,A40,aterrizaje,3,11
5,6258.0,A5,ext_salida,2,4
5,6258.0,A5,ext_salida,1,4
5,6258.05382296098,A31,despegue,2,8
5,6258.944868246396,A47,aterrizaje,2,6
5,6259.570926562855,A9,despegue,2,7
5,6261.0,A7,ext_salida,1,5
5,6261.0,A34,ocupacion_origen,4,8
5,6261.293981314079,A33,despegue,1,5
5,6261.544404604276,A28,despegue,1,5
5,6262.371996345212,A2,salida_destino,1,5
5,6263.0,A21,ocupacion_origen,5,12
5,6263.582810538041,A45,despegue,1,4
5,6263.763278827447,A24,despegue,1,5
5,6266.0,A44,ocupacion_origen,2,5
5,6267.0,A7,ocupacion_origen,2,5
5,6267.089025335358,A12,despegue,1,4
5,6267.983165214933,A40,salida_destino,2,11
5,6268.0,A21,ocupacion_origen,6,12
5,6268.1758513542145,A32,despegue,2,12
5,6268.540715959179,A26,despegue,1,11
5,6268.944868246396,A47,salida_destino,1,6
5,6269.741968756662,A18,aterrizaje,2,6
5,6270.627978172856,A3,aterrizaje,4,4
5,6270.844533220914,A45,despegue,0,4
5,6271.474574155949,A37,aterrizaje,2,8
5,6272.786873535841,A34,despegue,3,8
5,6273.59960993371,A44,despegue,1,5
5,6273.726807156961,A10,despegue,1,4
5,6274.973070804638,A13,despegue,2,9
5,6276.056437849987,A21,despegue,5,12
5,6277.0,A3,ocupacion_origen,5,4
5,6278.0,A26,ocupacion_origen,2,11
5,6279.0,A8,ext_salida,3,9
5,6279.0,A8,ext_salida,2,9
5,6279.0,A8,ext_salida,1,9
5,6279.741968756662,A18,salida_destino,1,6
5,6280.627978172856,A3,salida_destino,4,4
5,6281.0,A14,ocupacion_origen,4,11
5,6281.154881538959,A34,aterrizaje,4,8
5,6281.474574155949,A37,salida_destino,1,8
5,6281.779034785247,A40,despegue,1,11
5,6283.129295580684,A29,despegue,4,12
5,6284.0,A3,ext_salida,3,4
5,6284.0,A3,ext_salida,2,4
5,6284.0,A3,ext_salida,1,4
5,6284.0,A7,ocupacion_origen,3,5
5,6285.152759567011,A20,aterrizaje,2,4
5,6286.0,A46,ocupacion_origen,3,9
5,6287.0,A7,ocupacion_origen,4,5
5,6287.616909462273,A3,despegue,0,4
5,6289.0,A33,ocupacion_origen,2,5
5,6289.0,A32,ocupacion_origen,3,12
5,6289.064381076478,A29,despegue,3,12
5,6289.7420489799915,A34,aterrizaje,5,8
5,6290.289787239453,A7,despegue,3,5
5,6291.154881538959,A34,salida_destino,4,8
5,6292.0,A10,ext_llegada,2,4
5,6292.0,A9,ext_llegada,3,7
5,6293.0,A1,ext_llegada,5,11
5,6293.0,A1,ext_llegada,6,11
5,6293.0,A1,ext_llegada,7,11
5,6293.231993317598,A13,despegue,1,9
5,6294.0,A27,ocupacion_origen,2,5
5,6295.152134545692,A47,aterrizaje,2,6
5,6295.152759567011,A20,salida_destino,1,4
5,6297.792450738595,A26,despegue,1,11
5,6298.0,A9,ocupacion_origen,4,7
5,6298.0,A6,ocupacion_origen,2,5
5,6298.56086032571,A33,despegue,1,5
5,6298.912811092269,A38,aterrizaje,2,7
5,6299.298438677617,A46,despegue,2,9
5,6299.332755492027,A7,despegue,2,5
5,6299.7420489799915,A34,salida_destino,3,8
5,6301.0,A42,ocupacion_origen,2,4
5,6302.03852066183,A28,aterrizaje,2,5
5,6302.362300162303,A27,despegue,1,5
5,6303.997637821842,A7,despegue,1,5
5,6304.0,A2,ocupacion_origen,2,5
5,6305.152134545692,A47,salida_destino,1,6
5,6305.524409737176,A5,aterrizaje,2,4
5,6305.799641680914,A32,despegue,2,12
5,6307.162262779076,A21,despegue,4,12
5,6308.912811092269,A38,salida_destino,1,7
5,6309.0,A22,ocupacion_origen,2,11
5,6309.051490349826,A14,aterrizaje,5,11
5,6312.03852066183,A28,salida_destino,1,5
5,6313.0,A30,ocupacion_origen,2,4
5,6313.0,A4,ocupacion_origen,3,5
5,6313.942950938725,A47,aterrizaje,2,6
5,6314.0,A10,ext_salida,1,4
5,6314.0,A1,ext_salida,6,11
5,6314.0,A1,ext_salida,5,11
5,6314.0,A1,ext_salida,4,11
5,6314.528020568423,A28,aterrizaje,2,5
5,6315.0,A3,ocupacion_origen,1,4
5,6315.0,A23,ocupacion_origen,3,7
5,6315.524409737176,A5,salida_destino,1,4
5,6315.621281058534,A2,despegue,1,5
5,6315.746782451748,A16,aterrizaje,2,6
5,6316.0,A8,ocupacion_origen,2,9
5,6318.054473540462,A22,despegue,1,11
5,6319.0,A9,ext_salida,3,7
5,6319.051490349826,A14,salida_destino,4,11
5,6320.046023386396,A34,aterrizaje,4,8
5,6321.45522982621,A15,aterrizaje,4,11
5,6321.664239446617,A32,aterrizaje,3,12
5,6321.790551653256,A14,despegue,3,11
5,6323.942950938725,A47,salida_destino,1,6
5,6324.528020568423,A28,salida_destino,1,5
5,6324.820365372884,A3,despegue,0,4
5,6325.746782451748,A16,salida_destino,1,6
5,6327.715286105671,A30,despegue,1,4
5,6328.419318238626,A25,aterrizaje,4,12
5,6329.805400772041,A6,despegue,1,5
5,6330.043015084617,A33,aterrizaje,2,5
5,6330.046023386396,A34,salida_destino,3,8
5,6330.197507737206,A32,aterrizaje,4,12
5,6331.45522982621,A15,salida_destino,3,11
5,6331.664239446617,A32,salida_destino,3,12
5,6332.0,A4,ext_llegada,4,5
5,6332.0,A4,ext_llegada,5,5
5,6333.0,A45,ocupacion_origen,1,4
5,6335.3408047890925,A27,aterrizaje,2,5
5,6335.443064704499,A23,despegue,2,7
5,6336.0,A14,ocupacion_origen,4,11
5,6336.585776764947,A9,despegue,2,7
5,6337.3330522800825,A42,despegue,1,4
5,6338.419318238626,A25,salida_destino,3,12
5,6340.043015084617,A33,salida_destino,1,5
5,6340.057551984112,A40,aterrizaje,2,11
5,6340.197507737206,A32,salida_destino,2,12
5,6342.203047169966,A20,aterrizaje,2,4
5,6343.0,A2,ext_llegada,2,5
5,6343.0,A2,ext_llegada,3,5
5,6343.0,A2,ext_llegada,4,5
5,6343.0,A38,ocupacion_origen,2,7
5,6344.0,A28,ocupacion_origen,2,5
5,6345.3408047890925,A27,salida_destino,1,5
5,6348.527164022547,A45,despegue,0,4
5,6349.52547992994,A4,despegue,4,5
5,6350.057551984112,A40,salida_destino,1,11
5,6352.203047169966,A20,salida_destino,1,4
5,6354.0,A15,ocupacion_origen,4,11
5,6354.594180011409,A8,despegue,1,9
5,6354.914347122488,A44,aterrizaje,2,5
5,6355.359206083464,A22,aterrizaje,2,11
5,6355.509267063117,A43,aterrizaje,2,12
5,6356.815306352171,A44,aterrizaje,3,5
5,6359.0,A11,ocupacion_origen,1,4
5,6360.986289027094,A2,aterrizaje,5,5
5,6363.0,A4,ext_salida,3,5
5,6363.0,A4,ext_salida,2,5
5,6364.226887196383,A28,despegue,1,5
5,6364.914347122488,A44,salida_destino,2,5
5,6365.359206083464,A22,salida_destino,1,11
5,6365.509267063117,A43,salida_destino,1,12
5,6366.815306352171,A44,salida_destino,1,5
5,6368.0,A7,ext_llegada,2,5
5,6368.0,A7,ext_llegada,3,5
5,6368.0,A7,ext_llegada,4,5
5,6368.90443764038,A36,aterrizaje,3,9
5,6370.18356605809,A7,aterrizaje,5,5
5,6370.986289027094,A2,salida_destino,4,5
5,6371.0,A2,ext_salida,3,5
5,6371.0,A2,ext_salida,2,5
5,6371.0,A2,ext_salida,1,5
5,6372.0,A5,ext_llegada,2,4
5,6372.0,A5,ext_llegada,3,4
5,6373.0,A37,ocupacion_origen,2,8
5,6373.344779313535,A15,despegue,3,11
5,6373.850942714098,A38,despegue,1,7
5,6374.975739695931,A17,aterrizaje,2,5
5,6375.33618156202,A3,aterrizaje,1,4
5,6377.0,A3,ext_llegada,2,4
5,6377.0,A3,ext_llegada,3,4
5,6377.0,A3,ext_llegada,4,4
5,6377.610311296244,A29,aterrizaje,4,12
5,6378.90443764038,A36,salida_destino,2,9
5,6379.843210229321,A14,despegue,3,11
5,6380.18356605809,A7,salida_destino,4,5
5,6383.0,A48,ocupacion_origen,5,11
5,6384.308129938274,A15,aterrizaje,4,11
5,6384.975739695931,A17,salida_destino,1,5
5,6385.0,A6,ext_llegada,2,5
5,6385.33618156202,A3,salida_destino,3,4
5,6385.567622716296,A32,aterrizaje,3,12
5,6387.610311296244,A29,salida_destino,3,12
5,6389.522813592608,A36,aterrizaje,3,9
5,6391.727300344304,A37,despegue,1,8
5,6393.520903633506,A21,aterrizaje,5,12
5,6394.308129938274,A15,salida_destino,3,11
5,6395.567622716296,A32,salida_destino,2,12
5,6397.36632128223,A48,despegue,4,11
5,6397.596783004989,A41,aterrizaje,3,12
5,6398.0,A7,ext_salida,3,5
5,6398.0,A7,ext_salida,2,5
5,6398.0,A7,ext_salida,1,5
5,6399.522813592608,A36,salida_destino,2,9
5,6399.85722852281,A11,despegue,0,4
5,6403.520903633506,A21,salida_destino,4,12
5,6404.0,A5,ext_salida,2,4
5,6404.0,A5,ext_salida,1,4
5,6406.0,A6,ext_salida,1,5
5,6407.596783004989,A41,salida_destino,2,12
5,6408.0,A32,ocupacion_origen,3,12
5,6410.335587193031,A35,aterrizaje,3,11
5,6412.0,A3,ext_salida,2,4
5,6412.0,A3,ext_salida,1,4
5,6412.0,A3,ext_salida,0,4
5,6412.0,A10,ocupacion_origen,2,4
5,6414.0,A9,ext_llegada,3,7
5,6416.0,A10,ext_llegada,3,4
5,6416.0,A10,ext_llegada,4,4
5,6420.335587193031,A35,salida_destino,2,11
5,6422.0,A26,ocupacion_origen,2,11
5,6424.896780309801,A16,aterrizaje,2,6
5,6426.650140845676,A23,aterrizaje,3,7
5,6426.924761910455,A33,aterrizaje,2,5
5,6432.436138057395,A26,despegue,1,11
5,6434.896780309801,A16,salida_destino,1,6
5,6435.0,A8,ext_llegada,2,9
5,6435.0,A8,ext_llegada,3,9
5,6435.0,A8,ext_llegada,4,9
5,6435.0,A9,ext_salida,2,7
5,6436.0,A1,ext_llegada,5,11
5,6436.0,A1,ext_llegada,6,11
5,6436.650140845676,A23,salida_destino,2,7
5,6436.924761910455,A33,salida_destino,1,5
5,6438.0,A10,ext_salida,3,4
5,6438.0,A10,ext_salida,2,4
5,6440.780016705991,A7,aterrizaje,2,5
5,6444.373885665794,A4,aterrizaje,3,5
5,6445.717951304728,A10,despegue,1,4
5,6447.0,A34,ocupacion_origen,4,8
5,6449.49080267348,A32,despegue,2,12
5,6450.780016705991,A7,salida_destino,1,5
5,6453.676133062413,A6,aterrizaje,2,5
5,6454.373885665794,A4,salida_destino,2,5
5,6455.701729099909,A27,aterrizaje,2,5
5,6458.307458391139,A46,aterrizaje,3,9
5,6458.741920014608,A34,despegue,3,8
5,6462.0,A25,ocupacion_origen,4,12
5,6463.0,A1,ext_salida,5,11
5,6463.0,A1,ext_salida,4,11
5,6463.0,A42,ocupacion_origen,2,4
5,6463.507395181932,A14,aterrizaje,4,11
5,6463.676133062413,A6,salida_destino,1,5
5,6465.701729099909,A27,salida_destino,1,5
5,6466.0,A8,ext_salida,3,9
5,6466.0,A8,ext_salida,2,9
5,6466.0,A8,ext_salida,1,9
5,6468.307458391139,A46,salida_destino,2,9
5,6470.0,A5,ocupacion_origen,2,4
5,6470.793779651723,A25,despegue,3,12
5,6471.0,A19,ocupacion_origen,1,5
5,6473.507395181932,A14,salida_destino,3,11
5,6475.0,A2,ext_llegada,2,5
5,6478.949656600081,A10,aterrizaje,2,4
5,6479.745926280761,A19,despegue,0,5
5,6479.985124880833,A5,despegue,1,4
5,6480.505252711751,A22,aterrizaje,2,11
5,6481.740591730127,A42,despegue,1,4
5,6484.057889917373,A23,aterrizaje,3,7
5,6488.653130941451,A25,aterrizaje,4,12
5,6488.949656600081,A10,salida_destino,1,4
5,6490.505252711751,A22,salida_destino,1,11
5,6494.057889917373,A23,salida_destino,2,7
5,6497.253907955094,A48,aterrizaje,5,11
5,6498.653130941451,A25,salida_destino,3,12
5,6500.036945223616,A8,aterrizaje,2,9
5,6501.701361473203,A15,aterrizaje,4,11
5,6502.246502311636,A20,aterrizaje,2,4
5,6506.0,A4,ext_llegada,3,5
5,6507.0,A3,ext_llegada,1,4
5,6507.253907955094,A48,salida_destino,4,11
5,6508.857048451686,A17,aterrizaje,2,5
5,6509.0,A2,ext_salida,1,5
5,6510.036945223616,A8,salida_destino,1,9
5,6511.701361473203,A15,salida_destino,3,11
5,6512.246502311636,A20,salida_destino,1,4
5,6518.857048451686,A17,salida_destino,1,5
5,6529.0,A3,ext_salida,0,4
5,6531.0,A7,ext_llegada,2,5
5,6531.0,A7,ext_llegada,3,5
5,6531.0,A7,ext_llegada,4,5
5,6531.0,A31,ocupacion_origen,3,8
5,6539.0,A41,ocupacion_origen,3,12
5,6542.65314810534,A35,aterrizaje,3,11
5,6545.0,A4,ext_salida,2,5
5,6546.0,A35,ocupacion_origen,4,11
5,6548.0,A6,ext_llegada,2,5
5,6549.334702955623,A31,despegue,2,8
5,6551.0,A46,ocupacion_origen,3,9
5,6552.65314810534,A35,salida_destino,3,11
5,6559.585269211226,A41,despegue,2,12
5,6562.0,A7,ext_salida,3,5
5,6562.0,A7,ext_salida,2,5
5,6562.0,A7,ext_salida,1,5
5,6563.618677342171,A35,despegue,2,11
5,6571.627050998191,A46,despegue,2,9
5,6573.0,A5,ext_llegada,2,4
5,6573.0,A5,ext_llegada,3,4
5,6573.0,A5,ext_llegada,4,4
5,6573.0,A6,ext_salida,1,5
5,6573.9092266003745,A45,aterrizaje,1,4
5,6578.795338466093,A5,aterrizaje,5,4
5,6579.202639239218,A41,aterrizaje,3,12
5,6583.9092266003745,A45,salida_destino,0,4
5,6586.0,A24,ocupacion_origen,2,5
5,6588.795338466093,A5,salida_destino,4,4
5,6589.202639239218,A41,salida_destino,2,12
5,6597.980581190028,A24,despegue,1,5
5,6598.0,A10,ext_llegada,2,4
5,6600.0,A8,ext_llegada,2,9
5,6600.0,A8,ext_llegada,3,9
5,6600.0,A8,ext_llegada,4,9
5,6605.692635259081,A35,aterrizaje,3,11
5,6607.0,A5,ext_salida,3,4
5,6607.0,A5,ext_salida,2,4
5,6607.0,A5,ext_salida,1,4
5,6609.0,A9,ext_llegada,3,7
5,6615.02977445507,A14,aterrizaje,4,11
5,6615.692635259081,A35,salida_destino,2,11
5,6616.770709541723,A45,aterrizaje,1,4
5,6620.0,A8,ext_salida,3,9
5,6620.0,A8,ext_salida,2,9
5,6620.0,A8,ext_salida,1,9
5,6620.826489423212,A1,aterrizaje,5,11
5,6624.343362770815,A3,aterrizaje,1,4
5,6625.02977445507,A14,salida_destino,3,11
5,6626.770709541723,A45,salida_destino,0,4
5,6628.609298651329,A2,aterrizaje,2,5
5,6630.826489423212,A1,salida_destino,4,11
5,6634.343362770815,A3,salida_destino,0,4
5,6635.0,A10,ext_salida,1,4
5,6637.0,A9,ext_salida,2,7
5,6638.609298651329,A2,salida_destino,1,5
5,6639.0,A2,ext_llegada,2,5
5,6639.0,A2,ext_llegada,3,5
5,6640.0,A41,ocupacion_origen,3,12
5,6641.0,A1,ext_llegada,5,11
5,6641.0,A1,ext_llegada,6,11
5,6641.0,A1,ext_llegada,7,11
5,6642.0,A4,ext_llegada,3,5
5,6652.0,A35,ocupacion_origen,3,11
5,6656.3924320889455,A41,despegue,2,12
5,6667.0,A3,ext_llegada,1,4
5,6669.894880707018,A35,despegue,2,11
5,6672.0,A2,ext_salida,2,5
5,6672.0,A2,ext_salida,1,5
5,6678.0,A1,ext_salida,6,11
5,6678.0,A1,ext_salida,5,11
5,6678.0,A1,ext_salida,4,11
5,6678.0,A4,ext_salida,2,5
5,6679.0,A22,ocupacion_origen,2,11
5,6691.646723869587,A22,despegue,1,11
5,6692.0,A37,ocupacion_origen,2,8
5,6696.0,A3,ext_salida,0,4
5,6701.771643350564,A5,aterrizaje,2,4
5,6707.0,A6,ext_llegada,2,5
5,6707.0,A6,ext_llegada,3,5
5,6707.0,A6,ext_llegada,4,5
5,6707.97584848214,A37,despegue,1,8
5,6711.771643350564,A5,salida_destino,1,4
5,6712.0,A5,ocupacion_origen,2,4
5,6722.0,A7,ext_llegada,2,5
5,6722.0,A7,ext_llegada,3,5
5,6723.364964912454,A5,despegue,1,4
5,6725.077749513895,A40,aterrizaje,2,11
5,6727.0,A41,ocupacion_origen,3,12
5,6727.0,A34,ocupacion_origen,4,8
5,6728.814725529103,A2,aterrizaje,2,5
5,6731.0,A6,ext_salida,3,5
5,6731.0,A6,ext_salida,2,5
5,6731.0,A6,ext_salida,1,5
5,6731.0,A48,ocupacion_origen,5,11
5,6735.077749513895,A40,salida_destino,1,11
5,6738.518800396767,A34,despegue,3,8
5,6738.814725529103,A2,salida_destino,1,5
5,6739.0,A16,ocupacion_origen,2,6
5,6741.0,A22,ocupacion_origen,2,11
5,6743.0,A7,ext_salida,2,5
5,6743.0,A7,ext_salida,1,5
5,6746.0,A9,ext_llegada,3,7
5,6746.0,A9,ext_llegada,4,7
5,6747.926219738275,A16,despegue,1,6
5,6748.066506939872,A48,despegue,4,11
5,6753.0,A8,ext_llegada,2,9
5,6753.0,A8,ext_llegada,3,9
5,6753.0,A8,ext_llegada,4,9
5,6753.0,A1,ocupacion_origen,5,11
5,6755.427690816188,A22,despegue,1,11
5,6758.0,A39,ocupacion_origen,1,7
5,6760.0,A5,ext_llegada,2,4
5,6760.0,A5,ext_llegada,3,4
5,6760.0,A9,ocupacion_origen,5,7
5,6760.683124607262,A22,aterrizaje,2,11
5,6761.7244689378995,A1,despegue,4,11
5,6762.0,A45,ocupacion_origen,1,4
5,6762.734975198367,A47,aterrizaje,2,6
5,6765.0,A10,ocupacion_origen,2,4
5,6765.418762486643,A31,aterrizaje,3,8
5,6767.0,A15,ocupacion_origen,4,11
5,6768.0,A15,ocupacion_origen,5,11
5,6769.514148502674,A19,aterrizaje,1,5
5,6770.0,A21,ocupacion_origen,5,12
5,6770.683124607262,A22,salida_destino,1,11
5,6772.734975198367,A47,salida_destino,1,6
5,6775.418762486643,A31,salida_destino,2,8
5,6775.427950957865,A35,aterrizaje,3,11
5,6776.0,A9,ext_salida,4,7
5,6776.0,A9,ext_salida,3,7
5,6776.282345046222,A45,despegue,0,4
5,6778.091453275632,A41,despegue,2,12
5,6779.514148502674,A19,salida_destino,0,5
5,6779.521816249001,A15,despegue,4,11
5,6781.0,A8,ext_salida,3,9
5,6781.0,A8,ext_salida,2,9
5,6781.0,A8,ext_salida,1,9
5,6783.0,A7,ocupacion_origen,2,5
5,6783.0,A21,ocupacion_origen,6,12
5,6785.0,A48,ocupacion_origen,5,11
5,6785.427950957865,A35,salida_destino,2,11
5,6786.0,A1,ext_llegada,5,11
5,6786.0,A1,ext_llegada,6,11
5,6786.0,A1,ext_llegada,7,11
5,6787.0,A30,ocupacion_origen,2,4
5,6787.0,A15,ocupacion_origen,5,11
5,6788.0,A8,ocupacion_origen,2,9
5,6789.0,A47,ocupacion_origen,2,6
5,6790.0,A11,ocupacion_origen,1,4
5,6791.0,A5,ext_salida,2,4
5,6791.0,A5,ext_salida,1,4
5,6792.0,A48,ocupacion_origen,6,11
5,6792.0,A31,ocupacion_origen,3,8
5,6793.0,A10,ext_llegada,3,4
5,6793.0,A10,ext_llegada,4,4
5,6793.202152744182,A48,despegue,5,11
5,6793.903172134049,A21,despegue,5,12
5,6794.072925754045,A43,aterrizaje,2,12
5,6794.179415816935,A21,despegue,4,12
5,6796.923984675019,A39,despegue,0,7
5,6797.461596221715,A7,despegue,1,5
5,6797.5218983509485,A15,despegue,4,11
5,6797.664851068452,A9,despegue,2,7
5,6799.0,A36,ocupacion_origen,3,9
5,6799.019343956386,A47,despegue,1,6
5,6799.779156180023,A2,aterrizaje,2,5
5,6800.036723357595,A30,despegue,1,4
5,6801.149808358465,A15,despegue,3,11
5,6802.4661826154315,A48,despegue,4,11
5,6802.7588007027825,A10,despegue,3,4
5,6804.0,A31,ocupacion_origen,4,8
5,6804.072925754045,A43,salida_destino,1,12
5,6805.65520051535,A6,aterrizaje,2,5
5,6806.0,A43,ocupacion_origen,2,12
5,6807.0,A36,ocupacion_origen,4,9
5,6809.0,A1,ext_salida,6,11
5,6809.0,A1,ext_salida,5,11
5,6809.0,A1,ext_salida,4,11
5,6809.0,A30,ocupacion_origen,2,4
5,6809.779156180023,A2,salida_destino,1,5
5,6810.0,A2,ext_llegada,2,5
5,6810.0,A2,ext_llegada,3,5
5,6810.0,A2,ext_llegada,4,5
5,6810.0,A13,ocupacion_origen,2,9
5,6810.661011925895,A47,aterrizaje,2,6
5,6811.0,A35,ocupacion_origen,3,11
5,6811.0,A5,ocupacion_origen,2,4
5,6813.0,A3,ocupacion_origen,1,4
5,6813.299809211849,A31,despegue,3,8
5,6814.0,A21,ocupacion_origen,5,12
5,6815.017287733018,A8,despegue,1,9
5,6815.65520051535,A6,salida_destino,1,5
5,6817.0,A36,ocupacion_origen,5,9
5,6817.0,A13,ocupacion_origen,3,9
5,6818.6045644886735,A11,despegue,0,4
5,6819.303919986669,A47,aterrizaje,3,6
5,6820.661011925895,A47,salida_destino,2,6
5,6821.824266442795,A34,aterrizaje,4,8
5,6822.2691846791395,A31,despegue,2,8
5,6822.590544741259,A36,despegue,4,9
5,6824.0,A10,ext_salida,2,4
5,6824.0,A10,ext_salida,1,4
5,6825.015136154274,A17,aterrizaje,2,5
5,6825.113654409186,A13,despegue,2,9
5,6827.0,A18,ocupacion_origen,2,6
5,6827.977319359181,A43,despegue,1,12
5,6828.0,A6,ocupacion_origen,2,5
5,6828.0,A48,ocupacion_origen,5,11
5,6829.0,A37,ocupacion_origen,2,8
5,6829.303919986669,A47,salida_destino,1,6
5,6829.526934609068,A21,despegue,4,12
5,6829.956047877159,A3,despegue,0,4
5,6830.304986799461,A36,despegue,3,9
5,6831.0,A33,ocupacion_origen,2,5
5,6831.824266442795,A34,salida_destino,3,8
5,6832.0,A47,ocupacion_origen,2,6
5,6832.0,A6,ocupacion_origen,3,5
5,6832.207220703184,A35,despegue,2,11
5,6832.906694153023,A22,aterrizaje,2,11
5,6833.599625723608,A18,aterrizaje,3,6
5,6833.606100349705,A4,aterrizaje,3,5
5,6835.0,A2,ext_salida,3,5
5,6835.0,A2,ext_salida,2,5
5,6835.0,A2,ext_salida,1,5
5,6835.015136154274,A17,salida_destino,1,5
5,6837.829856253786,A36,despegue,2,9
5,6838.291559379553,A5,despegue,1,4
5,6838.294685618301,A12,aterrizaje,2,4
5,6839.0,A21,ocupacion_origen,5,12
5,6840.0,A46,ocupacion_origen,3,9
5,6840.231171078616,A47,despegue,1,6
5,6840.377239981261,A48,despegue,4,11
5,6840.674855896652,A18,despegue,2,6
5,6841.84701316362,A13,despegue,1,9
5,6842.808390869722,A47,aterrizaje,2,6
5,6842.85568898886,A33,despegue,1,5
5,6842.906694153023,A22,salida_destino,1,11
5,6843.0,A4,ocupacion_origen,4,5
5,6843.202947678422,A30,despegue,1,4
5,6843.599625723608,A18,salida_destino,1,6
5,6843.606100349705,A4,salida_destino,3,5
5,6844.319027314069,A6,despegue,2,5
5,6845.0,A6,ocupacion_origen,3,5
5,6846.0,A4,ext_llegada,4,5
5,6846.0,A23,ocupacion_origen,3,7
5,6846.0,A28,ocupacion_origen,2,5
5,6847.0,A7,ext_llegada,2,5
5,6847.0,A7,ext_llegada,3,5
5,6847.0,A7,ext_llegada,4,5
5,6848.294685618301,A12,salida_destino,1,4
5,6851.0,A38,ocupacion_origen,2,7
5,6851.0,A27,ocupacion_origen,2,5
5,6851.231171078616,A40,aterrizaje,2,11
5,6852.128969976676,A37,despegue,1,8
5,6852.808390869722,A47,salida_destino,1,6
5,6853.0,A17,ocupacion_origen,2,5
5,6854.0,A3,ocupacion_origen,1,4
5,6854.957540074204,A6,despegue,2,5
5,6855.0,A6,ext_llegada,3,5
5,6855.0,A6,ext_llegada,4,5
5,6855.0,A6,ext_llegada,5,5
5,6856.610741340962,A21,despegue,4,12
5,6859.777276285547,A23,despegue,2,7
5,6860.107453391731,A27,despegue,1,5
5,6861.0,A3,ocupacion_origen,2,4
5,6861.231171078616,A40,salida_destino,1,11
5,6861.3917807732405,A17,despegue,1,5
5,6862.0,A33,ocupacion_origen,2,5
5,6863.01743687357,A6,despegue,4,5
5,6865.0,A3,ext_llegada,3,4
5,6865.0,A3,ext_llegada,4,4
5,6865.0,A34,ocupacion_origen,4,8
5,6867.0,A11,ocupacion_origen,1,4
5,6867.104840624344,A7,aterrizaje,5,5
5,6869.0,A12,ocupacion_origen,2,4
5,6870.30738383418,A41,aterrizaje,3,12
5,6870.994326907152,A15,aterrizaje,4,11
5,6871.0,A35,ocupacion_origen,3,11
5,6871.0,A29,ocupacion_origen,4,12
5,6871.0,A3,ocupacion_origen,5,4
5,6872.3917807732405,A19,aterrizaje,1,5
5,6872.694280116357,A18,aterrizaje,2,6
5,6873.0,A37,ocupacion_origen,2,8
5,6873.280590259903,A3,despegue,4,4
5,6873.287382851868,A11,despegue,0,4
5,6873.950486065033,A1,aterrizaje,5,11
5,6874.0,A29,ocupacion_origen,5,12
5,6874.223336975556,A32,aterrizaje,3,12
5,6876.0,A6,ext_salida,3,5
5,6876.0,A6,ext_salida,2,5
5,6876.0,A6,ext_salida,1,5
5,6876.0,A8,ocupacion_origen,2,9
5,6876.004590111265,A18,aterrizaje,3,6
5,6876.622186489876,A3,aterrizaje,5,4
5,6877.0,A4,ext_salida,3,5
5,6877.104840624344,A7,salida_destino,4,5
5,6877.552869880408,A3,aterrizaje,6,4
5,6878.267164516145,A35,despegue,2,11
5,6878.850985368004,A34,despegue,3,8
5,6879.0,A29,ocupacion_origen,6,12
5,6879.185925956063,A46,despegue,2,9
5,6879.200181840327,A33,despegue,1,5
5,6880.075466501918,A40,aterrizaje,2,11
5,6880.1836259333095,A4,despegue,2,5
5,6880.30738383418,A41,salida_destino,2,12
5,6880.994326907152,A15,salida_destino,3,11
5,6881.068938926284,A3,despegue,5,4
5,6882.3917807732405,A19,salida_destino,0,5
5,6882.694280116357,A18,salida_destino,2,6
5,6883.950486065033,A1,salida_destino,4,11
5,6884.0,A7,ext_salida,3,5
5,6884.0,A7,ext_salida,2,5
5,6884.0,A7,ext_salida,1,5
5,6884.223336975556,A32,salida_destino,2,12
5,6884.287382851868,A12,aterrizaje,3,4
5,6884.711484856441,A38,despegue,1,7
5,6886.0,A26,ocupacion_origen,2,11
5,6886.004590111265,A18,salida_destino,1,6
5,6886.3354626064,A1,aterrizaje,5,11
5,6886.622186489876,A3,salida_destino,4,4
5,6886.944254748528,A28,despegue,1,5
5,6887.552869880408,A3,salida_destino,3,4
5,6890.075466501918,A40,salida_destino,1,11
5,6890.840216560233,A45,aterrizaje,1,4
5,6891.624488375088,A37,despegue,1,8
5,6891.809850223565,A44,aterrizaje,2,5
5,6892.205821460599,A17,aterrizaje,2,5
5,6894.287382851868,A12,salida_destino,2,4
5,6895.0,A16,ocupacion_origen,2,6
5,6896.0,A24,ocupacion_origen,2,5
5,6896.3354626064,A1,salida_destino,4,11
5,6900.840216560233,A45,salida_destino,0,4
5,6901.0,A24,ocupacion_origen,3,5
5,6901.809850223565,A44,salida_destino,1,5
5,6901.930930863148,A3,despegue,2,4
5,6902.0,A8,ext_llegada,3,9
5,6902.0,A11,ocupacion_origen,1,4
5,6902.205821460599,A17,salida_destino,1,5
5,6903.0,A3,ext_salida,1,4
5,6903.0,A3,ext_salida,0,4
5,6903.261333916944,A16,despegue,1,6
5,6903.633621702515,A15,aterrizaje,4,11
5,6905.309153047089,A29,despegue,5,12
5,6906.139058154872,A36,aterrizaje,3,9
5,6907.591765314612,A24,despegue,2,5
5,6908.0,A38,ocupacion_origen,2,7
5,6909.458808068597,A44,aterrizaje,2,5
5,6912.0,A5,ocupacion_origen,2,4
5,6912.147049705022,A43,aterrizaje,2,12
5,6912.6031819064065,A36,aterrizaje,4,9
5,6912.956047508614,A29,despegue,4,12
5,6913.633621702515,A15,salida_destino,3,11
5,6913.767323097028,A19,aterrizaje,1,5
5,6914.177986115554,A8,despegue,2,9
5,6915.3344790032925,A29,despegue,3,12
5,6915.739776163677,A12,despegue,1,4
5,6916.0,A10,ext_llegada,2,4
5,6916.0,A10,ext_llegada,3,4
5,6916.0,A10,ext_llegada,4,4
5,6916.139058154872,A36,salida_destino,3,9
5,6918.813845683192,A38,despegue,1,7
5,6919.458808068597,A44,salida_destino,1,5
5,6920.0,A13,ocupacion_origen,2,9
5,6920.296323398427,A5,despegue,1,4
5,6922.147049705022,A43,salida_destino,1,12
5,6922.6031819064065,A36,salida_destino,2,9
5,6922.614144937134,A45,aterrizaje,1,4
5,6923.128318180083,A47,aterrizaje,2,6
5,6923.767323097028,A19,salida_destino,0,5
5,6923.894874125967,A3,aterrizaje,1,4
5,6924.0,A13,ocupacion_origen,3,9
5,6924.387130326979,A24,despegue,1,5
5,6929.0,A32,ocupacion_origen,3,12
5,6929.5357904421035,A26,despegue,1,11
5,6932.614144937134,A45,salida_destino,0,4
5,6933.128318180083,A47,salida_destino,1,6
5,6933.734088749655,A3,aterrizaje,2,4
5,6933.894874125967,A3,salida_destino,1,4
5,6934.136615513976,A35,aterrizaje,3,11
5,6934.183142225471,A4,aterrizaje,3,5
5,6934.507283523439,A39,aterrizaje,1,7
5,6935.020524549516,A11,despegue,0,4
5,6938.760053748679,A35,aterrizaje,4,11
5,6940.0,A8,ext_salida,1,9
5,6943.0,A39,ocupacion_origen,2,7
5,6943.110129862745,A2,aterrizaje,2,5
5,6943.734088749655,A3,salida_destino,0,4
5,6944.136615513976,A35,salida_destino,3,11
5,6944.183142225471,A4,salida_destino,2,5
5,6944.507283523439,A39,salida_destino,1,7
5,6945.0,A5,ext_llegada,2,4
5,6945.0,A5,ext_llegada,3,4
5,6946.0,A21,ocupacion_origen,5,12
5,6948.0,A9,ext_llegada,3,7
5,6948.234514326689,A30,aterrizaje,2,4
5,6948.418136616287,A27,aterrizaje,2,5
5,6948.760053748679,A35,salida_destino,2,11
5,6949.358151207978,A20,aterrizaje,2,4
5,6951.6777092594375,A39,despegue,0,7
5,6952.999601919927,A1,aterrizaje,5,11
5,6953.023429294782,A13,despegue,2,9
5,6953.110129862745,A2,salida_destino,1,5
5,6954.0,A10,ext_salida,3,4
5,6954.0,A10,ext_salida,2,4
5,6954.0,A10,ext_salida,1,4
5,6954.0,A28,ocupacion_origen,2,5
5,6955.6723724337435,A14,aterrizaje,4,11
5,6957.507715652663,A35,aterrizaje,3,11
5,6958.234514326689,A30,salida_destino,1,4
5,6958.418136616287,A27,salida_destino,1,5
5,6959.358151207978,A20,salida_destino,1,4
5,6962.450414798107,A29,aterrizaje,4,12
5,6962.6777092594375,A45,aterrizaje,1,4
5,6962.999601919927,A1,salida_destino,4,11
5,6965.6723724337435,A14,salida_destino,3,11
5,6967.136108112785,A32,despegue,2,12
5,6967.4350686077505,A13,despegue,1,9
5,6967.507715652663,A35,salida_destino,2,11
5,6969.0,A35,ocupacion_origen,3,11
5,6970.592426556865,A10,aterrizaje,2,4
5,6972.0,A2,ext_llegada,2,5
5,6972.450414798107,A29,salida_destino,3,12
5,6972.6777092594375,A45,salida_destino,0,4
5,6974.0,A9,ext_salida,2,7
5,6979.985534049672,A12,aterrizaje,2,4
5,6980.592426556865,A10,salida_destino,1,4
5,6982.0,A1,ext_llegada,5,11
5,6982.0,A5,ext_salida,2,4
5,6982.0,A5,ext_salida,1,4
5,6983.839968672419,A35,despegue,2,11
5,6986.818047926054,A28,despegue,1,5
5,6989.277109986946,A21,despegue,4,12
5,6989.985534049672,A12,salida_destino,1,4
5,6995.223597639638,A37,aterrizaje,2,8
5,6998.0,A3,ext_llegada,1,4
5,6998.0,A3,ext_llegada,2,4
5,7003.0,A1,ext_salida,4,11
5,7005.223597639638,A37,salida_destino,1,8
5,7008.0,A2,ext_salida,1,5
5,7016.308351229259,A13,aterrizaje,2,9
5,7019.3303797350545,A11,aterrizaje,1,4
5,7020.839744672191,A6,aterrizaje,2,5
5,7023.0,A7,ext_llegada,2,5
5,7025.0,A19,ocupacion_origen,1,5
5,7026.308351229259,A13,salida_destino,1,9
5,7027.0,A4,ext_llegada,3,5
5,7027.0,A4,ext_llegada,4,5
5,7027.0,A4,ext_llegada,5,5
5,7027.097811869738,A2,aterrizaje,2,5
5,7029.3303797350545,A11,salida_destino,0,4
5,7030.839744672191,A6,salida_destino,1,5
5,7037.097811869738,A2,salida_destino,1,5
5,7038.0,A3,ext_salida,1,4
5,7038.0,A3,ext_salida,0,4
5,7041.757835434449,A2,aterrizaje,2,5
5,7042.0,A6,ext_llegada,2,5
5,7042.0,A6,ext_llegada,3,5
5,7048.0,A7,ext_salida,1,5
5,7049.0,A8,ext_llegada,2,9
5,7049.0,A10,ext_llegada,2,4
5,7049.00385879818,A28,aterrizaje,2,5
5,7051.757835434449,A2,salida_destino,1,5
5,7059.0,A4,ext_salida,4,5
5,7059.0,A4,ext_salida,3,5
5,7059.0,A4,ext_salida,2,5
5,7059.00385879818,A28,salida_destino,1,5
5,7065.586865779773,A19,despegue,0,5
5,7067.88873959728,A33,aterrizaje,2,5
5,7068.004098157159,A44,aterrizaje,2,5
5,7069.0908739476945,A7,aterrizaje,2,5
5,7071.0,A6,ext_salida,2,5
5,7071.0,A6,ext_salida,1,5
5,7076.0,A9,ext_llegada,3,7
5,7076.0,A9,ext_llegada,4,7
5,7077.88873959728,A33,salida_destino,1,5
5,7078.0,A10,ext_salida,1,4
5,7078.004098157159,A44,salida_destino,1,5
5,7079.0,A9,ocupacion_origen,5,7
5,7079.0908739476945,A7,salida_destino,1,5
5,7082.0,A8,ext_salida,1,9
5,7083.0,A10,ocupacion_origen,2,4
5,7084.0,A10,ocupacion_origen,3,4
5,7100.9613380912415,A11,aterrizaje,1,4
5,7106.0,A9,ext_salida,4,7
5,7106.0,A9,ext_salida,3,7
5,7110.9613380912415,A11,salida_destino,0,4
5,7113.964588240067,A9,despegue,2,7
5,7114.0,A5,ext_llegada,2,4
5,7114.0,A5,ext_llegada,3,4
5,7115.117779074857,A8,aterrizaje,2,9
5,7120.0,A1,ext_llegada,5,11
5,7121.131193302109,A13,aterrizaje,2,9
5,7125.117779074857,A8,salida_destino,1,9
5,7125.121071888311,A10,despegue,2,4
5,7126.444449321552,A10,despegue,1,4
5,7129.336154183231,A7,aterrizaje,2,5
5,7131.131193302109,A13,salida_destino,1,9
5,7132.244745910592,A13,aterrizaje,2,9
5,7139.336154183231,A7,salida_destino,1,5
5,7142.244745910592,A13,salida_destino,1,9
5,7143.0,A3,ext_llegada,1,4
5,7143.0,A3,ext_llegada,2,4
5,7143.0,A1,ext_salida,4,11
5,7151.0,A5,ext_salida,2,4
5,7151.0,A5,ext_salida,1,4
5,7176.0,A6,ext_llegada,2,5
5,7176.0,A6,ext_llegada,3,5
5,7176.0,A6,ext_llegada,4,5
5,7177.0,A8,ext_llegada,2,9
5,7182.0,A2,ext_llegada,2,5
5,7182.0,A3,ext_salida,1,4
5,7182.0,A3,ext_salida,0,4
5,7192.0,A7,ext_llegada,2,5
5,7198.0,A8,ext_salida,1,9
5,7201.0,A4,ext_llegada,3,5
5,7201.0,A4,ext_llegada,4,5
5,7206.0,A2,ext_salida,1,5
5,7214.0,A6,ext_salida,3,5
5,7214.0,A6,ext_salida,2,5
5,7214.0,A6,ext_salida,1,5
5,7220.0,A10,ext_llegada,2,4
5,7220.0,A10,ext_llegada,3,4
5,7220.0,A10,ext_llegada,4,4
5,7221.0,A7,ext_salida,1,5
5,7226.0,A4,ext_salida,3,5
5,7226.0,A4,ext_salida,2,5
5,7243.0833289349675,A10,aterrizaje,5,4
5,7248.0,A10,ext_salida,4,4
5,7248.0,A10,ext_salida,3,4
5,7248.0,A10,ext_salida,2,4
5,7252.0,A9,ext_llegada,3,7
5,7252.0,A9,ext_llegada,4,7
5,7253.0833289349675,A10,salida_destino,1,4
5,7261.202088817875,A22,aterrizaje,2,11
5,7271.202088817875,A22,salida_destino,1,11
5,7274.0,A9,ext_salida,3,7
5,7274.0,A9,ext_salida,2,7
5,7274.6910420441445,A38,aterrizaje,2,7
5,7284.6910420441445,A38,salida_destino,1,7
5,7286.010086350666,A25,aterrizaje,4,12
5,7296.010086350666,A25,salida_destino,3,12
